file,block,trial_index,trial_start_sec,trial_end_sec,trial_type,duration_sec,prestress_start_sec,poststress_start_sec
47131_cleaned.fif,pre-stress,1,845.036011,848.124023,short,3.088011999999935,827.244019,4033.315918
47131_cleaned.fif,pre-stress,2,852.140015,854.916016,short,2.7760010000000648,827.244019,4033.315918
47131_cleaned.fif,pre-stress,3,858.299988,862.476013,short,4.1760249999999814,827.244019,4033.315918
47131_cleaned.fif,pre-stress,4,865.864014,869.052002,short,3.1879880000000185,827.244019,4033.315918
47131_cleaned.fif,pre-stress,5,872.452026,875.200012,short,2.747985999999969,827.244019,4033.315918
47131_cleaned.fif,pre-stress,6,878.588013,881.547974,short,2.9599609999999075,827.244019,4033.315918
47131_cleaned.fif,pre-stress,7,884.835999,891.176025,short,6.340025999999966,827.244019,4033.315918
47131_cleaned.fif,pre-stress,8,895.328003,897.960022,short,2.632019000000014,827.244019,4033.315918
47131_cleaned.fif,pre-stress,9,901.343994,904.200012,short,2.856018000000063,827.244019,4033.315918
47131_cleaned.fif,pre-stress,10,907.612,910.487976,short,2.875976000000037,827.244019,4033.315918
47131_cleaned.fif,pre-stress,11,913.888,916.763977,short,2.8759769999999207,827.244019,4033.315918
47131_cleaned.fif,pre-stress,12,920.14801,922.812012,short,2.664001999999982,827.244019,4033.315918
47131_cleaned.fif,pre-stress,13,926.200012,928.952026,short,2.752014000000031,827.244019,4033.315918
47131_cleaned.fif,pre-stress,14,932.35199,935.112,short,2.7600099999999657,827.244019,4033.315918
47131_cleaned.fif,pre-stress,15,938.612,941.268005,short,2.65600500000005,827.244019,4033.315918
47131_cleaned.fif,pre-stress,16,944.755981,947.507996,short,2.7520150000000285,827.244019,4033.315918
47131_cleaned.fif,pre-stress,17,951.0,953.632019,short,2.632019000000014,827.244019,4033.315918
47131_cleaned.fif,pre-stress,18,957.348022,963.580017,short,6.2319949999999835,827.244019,4033.315918
47131_cleaned.fif,pre-stress,19,967.088013,969.828003,short,2.7399899999999207,827.244019,4033.315918
47131_cleaned.fif,pre-stress,20,973.023987,975.747986,short,2.7239989999999352,827.244019,4033.315918
47131_cleaned.fif,pre-stress,21,979.231995,982.119995,short,2.8880000000000337,827.244019,4033.315918
47131_cleaned.fif,pre-stress,22,986.179993,988.924011,short,2.7440179999999827,827.244019,4033.315918
47131_cleaned.fif,pre-stress,23,992.315979,995.16803,short,2.852051000000074,827.244019,4033.315918
47131_cleaned.fif,pre-stress,24,998.559998,1001.528015,short,2.9680170000000317,827.244019,4033.315918
47131_cleaned.fif,pre-stress,25,1004.919983,1007.755981,short,2.835998000000018,827.244019,4033.315918
47131_cleaned.fif,pre-stress,26,1011.164001,1013.919983,short,2.7559820000000173,827.244019,4033.315918
47131_cleaned.fif,pre-stress,27,1017.304016,1020.059998,short,2.7559819999999036,827.244019,4033.315918
47131_cleaned.fif,pre-stress,28,1030.088013,1036.31604,short,6.228026999999884,827.244019,4033.315918
47131_cleaned.fif,pre-stress,29,1039.819946,1042.552002,short,2.7320559999998295,827.244019,4033.315918
47131_cleaned.fif,pre-stress,30,1045.947998,1048.692017,short,2.7440189999999802,827.244019,4033.315918
47131_cleaned.fif,pre-stress,31,1052.079956,1054.807983,short,2.7280269999998836,827.244019,4033.315918
47131_cleaned.fif,pre-stress,32,1058.196045,1060.952026,short,2.7559810000000198,827.244019,4033.315918
47131_cleaned.fif,pre-stress,33,1064.348022,1067.199951,short,2.8519290000001547,827.244019,4033.315918
47131_cleaned.fif,pre-stress,34,1070.588013,1073.23999,short,2.651976999999988,827.244019,4033.315918
47131_cleaned.fif,pre-stress,35,1077.291992,1083.624023,short,6.332031000000143,827.244019,4033.315918
47131_cleaned.fif,pre-stress,36,1087.027954,1089.776001,short,2.7480470000000423,827.244019,4033.315918
47131_cleaned.fif,pre-stress,37,1093.271973,1096.02002,short,2.7480470000000423,827.244019,4033.315918
47131_cleaned.fif,pre-stress,38,1099.52002,1102.595947,short,3.0759270000000924,827.244019,4033.315918
47131_cleaned.fif,pre-stress,39,1105.991943,1108.764038,short,2.7720950000000357,827.244019,4033.315918
47131_cleaned.fif,pre-stress,40,1112.16394,1114.803955,short,2.640015000000176,827.244019,4033.315918
47131_cleaned.fif,pre-stress,41,1118.287964,1120.932007,short,2.6440430000000106,827.244019,4033.315918
47131_cleaned.fif,pre-stress,42,1124.332031,1127.079956,short,2.747925000000123,827.244019,4033.315918
47131_cleaned.fif,pre-stress,43,1130.47998,1133.215942,short,2.7359619999999722,827.244019,4033.315918
47131_cleaned.fif,pre-stress,44,1136.604004,1142.832031,short,6.228026999999884,827.244019,4033.315918
47131_cleaned.fif,pre-stress,45,1179.024048,1181.764038,long,2.7399900000000343,827.244019,4033.315918
47131_cleaned.fif,pre-stress,46,1185.16394,1187.936035,long,2.7720950000000357,827.244019,4033.315918
47131_cleaned.fif,pre-stress,47,1191.31604,1194.060059,long,2.7440189999999802,827.244019,4033.315918
47131_cleaned.fif,pre-stress,48,1197.459961,1200.212036,long,2.752074999999877,827.244019,4033.315918
47131_cleaned.fif,pre-stress,49,1203.699951,1206.339966,long,2.6400149999999485,827.244019,4033.315918
47131_cleaned.fif,pre-stress,50,1209.843994,1212.488037,long,2.6440430000000106,827.244019,4033.315918
47131_cleaned.fif,pre-stress,51,1215.884033,1218.628052,long,2.7440189999999802,827.244019,4033.315918
47131_cleaned.fif,pre-stress,52,1222.128052,1224.880005,long,2.7519529999999577,827.244019,4033.315918
47131_cleaned.fif,pre-stress,53,1228.368042,1249.612061,long,21.24401899999998,827.244019,4033.315918
47131_cleaned.fif,pre-stress,54,1253.656006,1256.192017,long,2.536011000000144,827.244019,4033.315918
47131_cleaned.fif,pre-stress,55,1259.696045,1262.251953,long,2.555908000000045,827.244019,4033.315918
47131_cleaned.fif,pre-stress,56,1265.852051,1268.5,long,2.647948999999926,827.244019,4033.315918
47131_cleaned.fif,pre-stress,57,1271.995972,1274.631958,long,2.6359860000000026,827.244019,4033.315918
47131_cleaned.fif,pre-stress,58,1278.135986,1280.791992,long,2.656005999999934,827.244019,4033.315918
47131_cleaned.fif,pre-stress,59,1284.192017,1287.280029,long,3.088011999999935,827.244019,4033.315918
47131_cleaned.fif,pre-stress,60,1290.796021,1293.543945,long,2.7479239999997844,827.244019,4033.315918
47131_cleaned.fif,pre-stress,61,1296.94397,1299.608032,long,2.664062000000058,827.244019,4033.315918
47131_cleaned.fif,pre-stress,62,1303.092041,1305.728027,long,2.6359860000000026,827.244019,4033.315918
47131_cleaned.fif,pre-stress,63,1309.244019,1330.540039,long,21.29602,827.244019,4033.315918
47131_cleaned.fif,pre-stress,64,1334.052002,1336.708008,long,2.6560060000001613,827.244019,4033.315918
47131_cleaned.fif,pre-stress,65,1340.212036,1342.864014,long,2.651978000000099,827.244019,4033.315918
47131_cleaned.fif,pre-stress,66,1346.371948,1348.991943,long,2.619995000000017,827.244019,4033.315918
47131_cleaned.fif,pre-stress,67,1352.495972,1355.255981,long,2.760009000000082,827.244019,4033.315918
47131_cleaned.fif,pre-stress,68,1358.76001,1361.395996,long,2.6359860000000026,827.244019,4033.315918
47131_cleaned.fif,pre-stress,69,1364.904053,1367.667969,long,2.7639160000001084,827.244019,4033.315918
47131_cleaned.fif,pre-stress,70,1371.067993,1373.800049,long,2.732056000000057,827.244019,4033.315918
47131_cleaned.fif,pre-stress,71,1377.303955,1379.828003,long,2.5240479999999934,827.244019,4033.315918
47131_cleaned.fif,pre-stress,72,1383.332031,1386.099976,long,2.7679450000000543,827.244019,4033.315918
47131_cleaned.fif,pre-stress,73,1389.916016,1392.667969,long,2.751953000000185,827.244019,4033.315918
47131_cleaned.fif,pre-stress,74,1396.147949,1398.807983,long,2.660033999999996,827.244019,4033.315918
47131_cleaned.fif,pre-stress,75,1402.208008,1404.864014,long,2.656005999999934,827.244019,4033.315918
47131_cleaned.fif,pre-stress,76,1408.371948,1411.027954,long,2.656005999999934,827.244019,4033.315918
47131_cleaned.fif,pre-stress,77,1414.52002,1435.796021,long,21.27600100000018,827.244019,4033.315918
47131_cleaned.fif,pre-stress,78,1439.307983,1442.167969,long,2.8599860000001627,827.244019,4033.315918
47131_cleaned.fif,pre-stress,79,1445.68396,1448.44397,long,2.7600099999999657,827.244019,4033.315918
47131_cleaned.fif,pre-stress,80,1451.952026,1454.708008,long,2.755982000000131,827.244019,4033.315918
47131_cleaned.fif,pre-stress,81,1458.319946,1460.959961,long,2.6400149999999485,827.244019,4033.315918
47131_cleaned.fif,pre-stress,82,1464.459961,1467.07605,long,2.6160889999998744,827.244019,4033.315918
47131_cleaned.fif,pre-stress,83,1470.583984,1473.547974,long,2.963989999999967,827.244019,4033.315918
47131_cleaned.fif,post-stress,1,4055.031982,4061.919922,short,6.8879400000000714,827.244019,4033.315918
47131_cleaned.fif,post-stress,2,4065.743896,4068.379883,short,2.6359870000001138,827.244019,4033.315918
47131_cleaned.fif,post-stress,3,4071.884033,4074.843994,short,2.959961000000021,827.244019,4033.315918
47131_cleaned.fif,post-stress,4,4078.236084,4081.095947,short,2.8598629999996774,827.244019,4033.315918
47131_cleaned.fif,post-stress,5,4084.708008,4087.343994,short,2.6359859999997752,827.244019,4033.315918
47131_cleaned.fif,post-stress,6,4091.080078,4093.832031,short,2.7519529999999577,827.244019,4033.315918
47131_cleaned.fif,post-stress,7,4097.335938,4100.191895,short,2.855956999999762,827.244019,4033.315918
47131_cleaned.fif,post-stress,8,4103.695801,4106.551758,short,2.855956999999762,827.244019,4033.315918
47131_cleaned.fif,post-stress,9,4110.060059,4113.016113,short,2.9560539999993125,827.244019,4033.315918
47131_cleaned.fif,post-stress,10,4116.512207,4122.740234,short,6.228027000000111,827.244019,4033.315918
47131_cleaned.fif,post-stress,11,4126.344238,4128.987793,short,2.6435550000005605,827.244019,4033.315918
47131_cleaned.fif,post-stress,12,4132.600098,4135.259766,short,2.659668000000238,827.244019,4033.315918
47131_cleaned.fif,post-stress,13,4138.755859,4141.740234,short,2.984375,827.244019,4033.315918
47131_cleaned.fif,post-stress,14,4145.244141,4148.248047,short,3.0039059999999154,827.244019,4033.315918
47131_cleaned.fif,post-stress,15,4151.755859,4154.616211,short,2.8603519999996934,827.244019,4033.315918
47131_cleaned.fif,post-stress,16,4158.124023,4160.868164,short,2.744141000000127,827.244019,4033.315918
47131_cleaned.fif,post-stress,17,4164.368164,4167.208008,short,2.839843999999175,827.244019,4033.315918
47131_cleaned.fif,post-stress,18,4170.600098,4176.748047,short,6.147949000000153,827.244019,4033.315918
47131_cleaned.fif,post-stress,19,4180.26416,4182.928223,short,2.6640630000001693,827.244019,4033.315918
47131_cleaned.fif,post-stress,20,4186.540039,4189.080078,short,2.540038999999524,827.244019,4033.315918
47131_cleaned.fif,post-stress,21,4192.583984,4195.231934,short,2.647950000000492,827.244019,4033.315918
47131_cleaned.fif,post-stress,22,4198.728027,4201.571777,short,2.84375,827.244019,4033.315918
47131_cleaned.fif,post-stress,23,4205.184082,4207.948242,short,2.7641600000006292,827.244019,4033.315918
47131_cleaned.fif,post-stress,24,4211.536133,4214.171875,short,2.6357420000003913,827.244019,4033.315918
47131_cleaned.fif,post-stress,25,4217.664062,4220.395996,short,2.731934000000365,827.244019,4033.315918
47131_cleaned.fif,post-stress,26,4227.928223,4234.164062,short,6.235838999999942,827.244019,4033.315918
47131_cleaned.fif,post-stress,27,4237.667969,4240.436035,short,2.768065999999635,827.244019,4033.315918
47131_cleaned.fif,post-stress,28,4243.943848,4246.704102,short,2.7602539999998044,827.244019,4033.315918
47131_cleaned.fif,post-stress,29,4250.312012,4252.959961,short,2.647948999999244,827.244019,4033.315918
47131_cleaned.fif,post-stress,30,4256.36377,4259.224121,short,2.8603510000002643,827.244019,4033.315918
47131_cleaned.fif,post-stress,31,4262.839844,4265.687988,short,2.848143999999593,827.244019,4033.315918
47131_cleaned.fif,post-stress,32,4269.191895,4272.171875,short,2.9799800000000687,827.244019,4033.315918
47131_cleaned.fif,post-stress,33,4275.671875,4278.403809,short,2.731934000000365,827.244019,4033.315918
47131_cleaned.fif,post-stress,34,4281.903809,4288.13623,short,6.232420999999704,827.244019,4033.315918
47131_cleaned.fif,post-stress,35,4291.748047,4294.600098,short,2.8520509999998467,827.244019,4033.315918
47131_cleaned.fif,post-stress,36,4298.432129,4301.423828,short,2.9916990000001533,827.244019,4033.315918
47131_cleaned.fif,post-stress,37,4304.928223,4307.89209,short,2.9638670000003913,827.244019,4033.315918
47131_cleaned.fif,post-stress,38,4311.399902,4315.032227,short,3.6323249999995824,827.244019,4033.315918
47131_cleaned.fif,post-stress,39,4318.620117,4321.604004,short,2.983886999999413,827.244019,4033.315918
47131_cleaned.fif,post-stress,40,4325.211914,4328.180176,short,2.968261999999413,827.244019,4033.315918
47131_cleaned.fif,post-stress,41,4331.680176,4334.728027,short,3.0478510000002643,827.244019,4033.315918
47131_cleaned.fif,post-stress,42,4338.248047,4341.228027,short,2.9799800000000687,827.244019,4033.315918
47131_cleaned.fif,post-stress,43,4344.724121,4347.459961,short,2.7358399999993708,827.244019,4033.315918
47131_cleaned.fif,post-stress,44,4350.959961,4357.299805,short,6.339844000000085,827.244019,4033.315918
47131_cleaned.fif,post-stress,45,4391.804199,4394.779785,long,2.9755859999995664,827.244019,4033.315918
47131_cleaned.fif,post-stress,46,4398.379883,4400.916016,long,2.5361330000005182,827.244019,4033.315918
47131_cleaned.fif,post-stress,47,4404.527832,4407.255859,long,2.728027000000111,827.244019,4033.315918
47131_cleaned.fif,post-stress,48,4410.868164,4413.52002,long,2.6518559999994977,827.244019,4033.315918
47131_cleaned.fif,post-stress,49,4417.023926,4419.768066,long,2.7441399999997884,827.244019,4033.315918
47131_cleaned.fif,post-stress,50,4423.275879,4426.124023,long,2.8481440000005023,827.244019,4033.315918
47131_cleaned.fif,post-stress,51,4429.624023,4432.492188,long,2.8681649999998626,827.244019,4033.315918
47131_cleaned.fif,post-stress,52,4436.0,4438.848145,long,2.8481449999999313,827.244019,4033.315918
47131_cleaned.fif,post-stress,53,4442.352051,4445.007812,long,2.655760999999984,827.244019,4033.315918
47131_cleaned.fif,post-stress,54,4448.512207,4451.379883,long,2.8676759999998467,827.244019,4033.315918
47131_cleaned.fif,post-stress,55,4454.883789,4457.527832,long,2.6440429999993285,827.244019,4033.315918
47131_cleaned.fif,post-stress,56,4462.23584,4483.527832,long,21.291991999999482,827.244019,4033.315918
47131_cleaned.fif,post-stress,57,4487.131836,4490.003906,long,2.872070000000349,827.244019,4033.315918
47131_cleaned.fif,post-stress,58,4493.512207,4496.47998,long,2.9677730000003066,827.244019,4033.315918
47131_cleaned.fif,post-stress,59,4500.083984,4503.047852,long,2.9638679999998203,827.244019,4033.315918
47131_cleaned.fif,post-stress,60,4506.647949,4509.516113,long,2.868163999999524,827.244019,4033.315918
47131_cleaned.fif,post-stress,61,4513.02002,4515.888184,long,2.8681640000004336,827.244019,4033.315918
47131_cleaned.fif,post-stress,62,4519.503906,4522.255859,long,2.7519529999999577,827.244019,4033.315918
47131_cleaned.fif,post-stress,63,4532.23584,4534.983887,long,2.7480470000000423,827.244019,4033.315918
47131_cleaned.fif,post-stress,64,4538.583984,4541.332031,long,2.7480470000000423,827.244019,4033.315918
47131_cleaned.fif,post-stress,65,4544.835938,4547.799805,long,2.9638669999994818,827.244019,4033.315918
47131_cleaned.fif,post-stress,66,4551.395996,4572.680176,long,21.28417999999965,827.244019,4033.315918
47131_cleaned.fif,post-stress,67,4576.271973,4578.919922,long,2.6479490000001533,827.244019,4033.315918
47131_cleaned.fif,post-stress,68,4582.532227,4585.171875,long,2.6396480000003066,827.244019,4033.315918
47131_cleaned.fif,post-stress,69,4588.779785,4591.631836,long,2.8520509999998467,827.244019,4033.315918
47131_cleaned.fif,post-stress,70,4595.228027,4597.959961,long,2.7319339999994554,827.244019,4033.315918
47131_cleaned.fif,post-stress,71,4601.39209,4604.140137,long,2.7480470000000423,827.244019,4033.315918
47131_cleaned.fif,post-stress,72,4607.651855,4610.516113,long,2.8642579999996087,827.244019,4033.315918
47131_cleaned.fif,post-stress,73,4614.027832,4616.795898,long,2.7680660000005446,827.244019,4033.315918
47131_cleaned.fif,post-stress,74,4620.395996,4623.032227,long,2.6362309999994977,827.244019,4033.315918
47131_cleaned.fif,post-stress,75,4626.63623,4629.279785,long,2.643554999999651,827.244019,4033.315918
47131_cleaned.fif,post-stress,76,4632.895996,4635.62793,long,2.7319339999994554,827.244019,4033.315918
47131_cleaned.fif,post-stress,77,4639.131836,4641.791992,long,2.660156000000825,827.244019,4033.315918
47131_cleaned.fif,post-stress,78,4645.395996,4648.051758,long,2.655761999999413,827.244019,4033.315918
47131_cleaned.fif,post-stress,79,4652.200195,4673.583984,long,21.383788999999524,827.244019,4033.315918
47131_cleaned.fif,post-stress,80,4677.187988,4680.051758,long,2.8637699999999313,827.244019,4033.315918
47131_cleaned.fif,post-stress,81,4683.560059,4686.412109,long,2.852049999999508,827.244019,4033.315918
47131_cleaned.fif,post-stress,82,4689.916016,4692.78418,long,2.868163999999524,827.244019,4033.315918
31730_cleaned.fif,pre-stress,1,896.151978,899.440002,long,3.288024000000064,875.320007,4111.571777
31730_cleaned.fif,pre-stress,2,904.119995,907.528015,long,3.408019999999965,875.320007,4111.571777
31730_cleaned.fif,pre-stress,3,912.776001,916.156006,long,3.3800050000000965,875.320007,4111.571777
31730_cleaned.fif,pre-stress,4,920.624023,924.028015,long,3.4039920000000166,875.320007,4111.571777
31730_cleaned.fif,pre-stress,5,927.97998,931.375977,long,3.3959970000000794,875.320007,4111.571777
31730_cleaned.fif,pre-stress,6,935.424011,939.572021,long,4.148009999999999,875.320007,4111.571777
31730_cleaned.fif,pre-stress,7,943.607971,947.231995,long,3.624023999999963,875.320007,4111.571777
31730_cleaned.fif,pre-stress,8,951.271973,954.796021,long,3.5240479999999934,875.320007,4111.571777
31730_cleaned.fif,pre-stress,9,968.880005,991.127991,long,22.24798599999997,875.320007,4111.571777
31730_cleaned.fif,pre-stress,10,995.716003,998.684021,long,2.968018000000029,875.320007,4111.571777
31730_cleaned.fif,pre-stress,11,1002.547974,1005.312012,long,2.7640380000000278,875.320007,4111.571777
31730_cleaned.fif,pre-stress,12,1010.564026,1013.195984,long,2.6319579999999405,875.320007,4111.571777
31730_cleaned.fif,pre-stress,13,1017.676025,1020.776001,long,3.0999759999999696,875.320007,4111.571777
31730_cleaned.fif,pre-stress,14,1025.255981,1028.219971,long,2.963989999999967,875.320007,4111.571777
31730_cleaned.fif,pre-stress,15,1032.712036,1035.359985,long,2.6479490000001533,875.320007,4111.571777
31730_cleaned.fif,pre-stress,16,1039.719971,1042.807983,long,3.088011999999935,875.320007,4111.571777
31730_cleaned.fif,pre-stress,17,1047.176025,1050.135986,long,2.959961000000021,875.320007,4111.571777
31730_cleaned.fif,pre-stress,18,1054.712036,1057.687988,long,2.9759520000000066,875.320007,4111.571777
31730_cleaned.fif,pre-stress,19,1061.959961,1065.160034,long,3.200072999999975,875.320007,4111.571777
31730_cleaned.fif,pre-stress,20,1070.088013,1092.235962,long,22.147948999999926,875.320007,4111.571777
31730_cleaned.fif,pre-stress,21,1096.615967,1099.55603,long,2.940063000000009,875.320007,4111.571777
31730_cleaned.fif,pre-stress,22,1103.81604,1107.212036,long,3.3959959999999683,875.320007,4111.571777
31730_cleaned.fif,pre-stress,23,1111.812012,1114.660034,long,2.848021999999901,875.320007,4111.571777
31730_cleaned.fif,pre-stress,24,1118.595947,1121.343994,long,2.7480470000000423,875.320007,4111.571777
31730_cleaned.fif,pre-stress,25,1125.300049,1127.932007,long,2.631958000000168,875.320007,4111.571777
31730_cleaned.fif,pre-stress,26,1131.540039,1134.515991,long,2.9759520000000066,875.320007,4111.571777
31730_cleaned.fif,pre-stress,27,1138.027954,1141.004028,long,2.9760740000001533,875.320007,4111.571777
31730_cleaned.fif,pre-stress,28,1144.511963,1147.160034,long,2.6480710000000727,875.320007,4111.571777
31730_cleaned.fif,pre-stress,29,1150.680054,1153.543945,long,2.863890999999967,875.320007,4111.571777
31730_cleaned.fif,pre-stress,30,1157.060059,1159.708008,long,2.6479490000001533,875.320007,4111.571777
31730_cleaned.fif,pre-stress,31,1163.644043,1185.459961,long,21.81591800000001,875.320007,4111.571777
31730_cleaned.fif,pre-stress,32,1189.375977,1192.040039,long,2.664062000000058,875.320007,4111.571777
31730_cleaned.fif,pre-stress,33,1229.57605,1232.439941,short,2.8638910000001943,875.320007,4111.571777
31730_cleaned.fif,pre-stress,34,1236.708008,1239.355957,short,2.647948999999926,875.320007,4111.571777
31730_cleaned.fif,pre-stress,35,1243.644043,1246.391968,short,2.7479249999998956,875.320007,4111.571777
31730_cleaned.fif,pre-stress,36,1250.343994,1253.411987,short,3.0679929999998876,875.320007,4111.571777
31730_cleaned.fif,pre-stress,37,1257.036011,1259.916016,short,2.880004999999983,875.320007,4111.571777
31730_cleaned.fif,pre-stress,38,1263.764038,1266.631958,short,2.8679199999999128,875.320007,4111.571777
31730_cleaned.fif,pre-stress,39,1271.567993,1278.452026,short,6.884033000000045,875.320007,4111.571777
31730_cleaned.fif,pre-stress,40,1282.495972,1285.147949,short,2.651976999999988,875.320007,4111.571777
31730_cleaned.fif,pre-stress,41,1289.199951,1291.848022,short,2.6480709999998453,875.320007,4111.571777
31730_cleaned.fif,pre-stress,42,1295.339966,1298.088013,short,2.7480470000000423,875.320007,4111.571777
31730_cleaned.fif,pre-stress,43,1302.124023,1304.748047,short,2.624023999999963,875.320007,4111.571777
31730_cleaned.fif,pre-stress,44,1309.452026,1316.128052,short,6.676026000000093,875.320007,4111.571777
31730_cleaned.fif,pre-stress,45,1320.296021,1323.160034,short,2.8640129999998862,875.320007,4111.571777
31730_cleaned.fif,pre-stress,46,1327.099976,1330.604004,short,3.504028000000062,875.320007,4111.571777
31730_cleaned.fif,pre-stress,47,1334.988037,1338.07605,short,3.088012999999819,875.320007,4111.571777
31730_cleaned.fif,pre-stress,48,1342.124023,1344.880005,short,2.7559819999999036,875.320007,4111.571777
31730_cleaned.fif,pre-stress,49,1348.708008,1351.563965,short,2.8559569999999894,875.320007,4111.571777
31730_cleaned.fif,pre-stress,50,1355.612061,1362.608032,short,6.995971000000054,875.320007,4111.571777
31730_cleaned.fif,pre-stress,51,1366.44397,1369.31604,short,2.872069999999894,875.320007,4111.571777
31730_cleaned.fif,pre-stress,52,1374.011963,1376.667969,short,2.6560060000001613,875.320007,4111.571777
31730_cleaned.fif,pre-stress,53,1380.280029,1383.248047,short,2.968018000000029,875.320007,4111.571777
31730_cleaned.fif,pre-stress,54,1387.291992,1390.047974,short,2.755982000000131,875.320007,4111.571777
31730_cleaned.fif,pre-stress,55,1393.771973,1396.511963,short,2.7399900000000343,875.320007,4111.571777
31730_cleaned.fif,pre-stress,56,1400.44397,1403.092041,short,2.6480710000000727,875.320007,4111.571777
31730_cleaned.fif,pre-stress,57,1406.92395,1413.703979,short,6.780028999999786,875.320007,4111.571777
31730_cleaned.fif,pre-stress,58,1417.871948,1420.719971,short,2.848023000000012,875.320007,4111.571777
31730_cleaned.fif,pre-stress,59,1424.208008,1426.963989,short,2.7559810000000198,875.320007,4111.571777
31730_cleaned.fif,pre-stress,60,1430.264038,1433.124023,short,2.8599850000000515,875.320007,4111.571777
31730_cleaned.fif,pre-stress,61,1436.975952,1439.5,short,2.5240479999999934,875.320007,4111.571777
31730_cleaned.fif,pre-stress,62,1443.115967,1446.631958,short,3.5159909999999854,875.320007,4111.571777
31730_cleaned.fif,pre-stress,63,1450.332031,1453.088013,short,2.755982000000131,875.320007,4111.571777
31730_cleaned.fif,pre-stress,64,1456.588013,1463.404053,short,6.81603999999993,875.320007,4111.571777
31730_cleaned.fif,pre-stress,65,1467.011963,1469.880005,short,2.8680420000000595,875.320007,4111.571777
31730_cleaned.fif,pre-stress,66,1473.404053,1476.255981,short,2.8519280000000435,875.320007,4111.571777
31730_cleaned.fif,pre-stress,67,1479.884033,1482.531982,short,2.647948999999926,875.320007,4111.571777
31730_cleaned.fif,pre-stress,68,1486.16394,1488.920044,short,2.7561040000000503,875.320007,4111.571777
31730_cleaned.fif,pre-stress,69,1492.972046,1495.624023,short,2.651976999999988,875.320007,4111.571777
31730_cleaned.fif,pre-stress,70,1499.131958,1505.907959,short,6.776000999999951,875.320007,4111.571777
31730_cleaned.fif,pre-stress,71,1509.515991,1512.072021,short,2.5560299999999643,875.320007,4111.571777
31730_cleaned.fif,pre-stress,72,1515.583984,1518.563965,short,2.9799809999999525,875.320007,4111.571777
31730_cleaned.fif,pre-stress,73,1522.192017,1524.92395,short,2.7319330000000264,875.320007,4111.571777
31730_cleaned.fif,post-stress,1,4132.308105,4135.076172,long,2.7680669999999736,875.320007,4111.571777
31730_cleaned.fif,post-stress,2,4139.104004,4141.848145,long,2.744141000000127,875.320007,4111.571777
31730_cleaned.fif,post-stress,3,4145.36377,4148.13623,long,2.7724600000001374,875.320007,4111.571777
31730_cleaned.fif,post-stress,4,4151.523926,4154.160156,long,2.6362300000000687,875.320007,4111.571777
31730_cleaned.fif,post-stress,5,4158.240234,4160.996094,long,2.7558600000002116,875.320007,4111.571777
31730_cleaned.fif,post-stress,6,4164.832031,4167.459961,long,2.627929999999651,875.320007,4111.571777
31730_cleaned.fif,post-stress,7,4173.687988,4195.532227,long,21.844239000000016,875.320007,4111.571777
31730_cleaned.fif,post-stress,8,4199.472168,4201.888184,long,2.416016000000127,875.320007,4111.571777
31730_cleaned.fif,post-stress,9,4205.523926,4208.184082,long,2.6601559999999154,875.320007,4111.571777
31730_cleaned.fif,post-stress,10,4211.799805,4214.551758,long,2.7519529999999577,875.320007,4111.571777
31730_cleaned.fif,post-stress,11,4218.492188,4221.131836,long,2.639647999999397,875.320007,4111.571777
31730_cleaned.fif,post-stress,12,4224.52002,4227.164062,long,2.6440419999998994,875.320007,4111.571777
31730_cleaned.fif,post-stress,13,4231.104004,4233.86377,long,2.759766000000127,875.320007,4111.571777
31730_cleaned.fif,post-stress,14,4237.916016,4259.39209,long,21.476074000000153,875.320007,4111.571777
31730_cleaned.fif,post-stress,15,4263.12793,4265.759766,long,2.631836000000476,875.320007,4111.571777
31730_cleaned.fif,post-stress,16,4269.587891,4272.339844,long,2.7519529999999577,875.320007,4111.571777
31730_cleaned.fif,post-stress,17,4275.839844,4278.379883,long,2.540038999999524,875.320007,4111.571777
31730_cleaned.fif,post-stress,18,4282.21582,4284.859863,long,2.6440429999993285,875.320007,4111.571777
31730_cleaned.fif,post-stress,19,4288.912109,4291.667969,long,2.7558600000002116,875.320007,4111.571777
31730_cleaned.fif,post-stress,20,4295.724121,4298.37207,long,2.6479490000001533,875.320007,4111.571777
31730_cleaned.fif,post-stress,21,4302.640137,4324.37207,long,21.731933000000026,875.320007,4111.571777
31730_cleaned.fif,post-stress,22,4328.315918,4330.963867,long,2.6479490000001533,875.320007,4111.571777
31730_cleaned.fif,post-stress,23,4334.916016,4337.439941,long,2.523924999999508,875.320007,4111.571777
31730_cleaned.fif,post-stress,24,4341.051758,4343.700195,long,2.6484370000007402,875.320007,4111.571777
31730_cleaned.fif,post-stress,25,4347.220215,4349.86377,long,2.643554999999651,875.320007,4111.571777
31730_cleaned.fif,post-stress,26,4353.687988,4356.428223,long,2.7402350000002116,875.320007,4111.571777
31730_cleaned.fif,post-stress,27,4360.259766,4363.140137,long,2.8803710000001956,875.320007,4111.571777
31730_cleaned.fif,post-stress,28,4366.543945,4388.596191,long,22.052245999999286,875.320007,4111.571777
31730_cleaned.fif,post-stress,29,4392.312012,4394.948242,long,2.6362300000000687,875.320007,4111.571777
31730_cleaned.fif,post-stress,30,4398.467773,4401.012207,long,2.5444339999994554,875.320007,4111.571777
31730_cleaned.fif,post-stress,31,4404.516113,4407.37207,long,2.8559570000006715,875.320007,4111.571777
31730_cleaned.fif,post-stress,32,4410.875977,4413.744141,long,2.8681640000004336,875.320007,4111.571777
31730_cleaned.fif,post-stress,33,4417.060059,4419.724121,long,2.6640619999998307,875.320007,4111.571777
31730_cleaned.fif,post-stress,34,4423.116211,4425.76416,long,2.6479490000001533,875.320007,4111.571777
31730_cleaned.fif,post-stress,35,4461.875977,4464.848145,short,2.972168000000238,875.320007,4111.571777
31730_cleaned.fif,post-stress,36,4468.779785,4471.532227,short,2.7524419999999736,875.320007,4111.571777
31730_cleaned.fif,post-stress,37,4476.13623,4482.903809,short,6.767579000000296,875.320007,4111.571777
31730_cleaned.fif,post-stress,38,4486.408203,4489.060059,short,2.651856000000407,875.320007,4111.571777
31730_cleaned.fif,post-stress,39,4493.21582,4495.948242,short,2.7324220000000423,875.320007,4111.571777
31730_cleaned.fif,post-stress,40,4499.779785,4502.439941,short,2.6601559999999154,875.320007,4111.571777
31730_cleaned.fif,post-stress,41,4506.040039,4508.916016,short,2.8759769999996934,875.320007,4111.571777
31730_cleaned.fif,post-stress,42,4512.416016,4515.28418,short,2.868163999999524,875.320007,4111.571777
31730_cleaned.fif,post-stress,43,4519.220215,4525.996094,short,6.775878999999804,875.320007,4111.571777
31730_cleaned.fif,post-stress,44,4529.5,4532.023926,short,2.5239259999998467,875.320007,4111.571777
31730_cleaned.fif,post-stress,45,4535.647949,4538.503906,short,2.855956999999762,875.320007,4111.571777
31730_cleaned.fif,post-stress,46,4542.012207,4544.655762,short,2.6435550000005605,875.320007,4111.571777
31730_cleaned.fif,post-stress,47,4548.151855,4551.012207,short,2.8603519999996934,875.320007,4111.571777
31730_cleaned.fif,post-stress,48,4554.932129,4561.711914,short,6.779785000000629,875.320007,4111.571777
31730_cleaned.fif,post-stress,49,4565.211914,4567.852051,short,2.640136999999413,875.320007,4111.571777
31730_cleaned.fif,post-stress,50,4571.795898,4574.671875,short,2.8759769999996934,875.320007,4111.571777
31730_cleaned.fif,post-stress,51,4578.180176,4580.952148,short,2.77197200000046,875.320007,4111.571777
31730_cleaned.fif,post-stress,52,4585.0,4587.943848,short,2.943847999999889,875.320007,4111.571777
31730_cleaned.fif,post-stress,53,4591.547852,4594.279785,short,2.7319330000000264,875.320007,4111.571777
31730_cleaned.fif,post-stress,54,4598.220215,4605.348145,short,7.127929999999651,875.320007,4111.571777
31730_cleaned.fif,post-stress,55,4608.859863,4611.728027,short,2.8681640000004336,875.320007,4111.571777
31730_cleaned.fif,post-stress,56,4615.21582,4617.956055,short,2.740234999999302,875.320007,4111.571777
31730_cleaned.fif,post-stress,57,4621.443848,4624.304199,short,2.8603510000002643,875.320007,4111.571777
31730_cleaned.fif,post-stress,58,4627.78418,4630.383789,short,2.5996090000007825,875.320007,4111.571777
31730_cleaned.fif,post-stress,59,4633.748047,4640.640137,short,6.89209000000028,875.320007,4111.571777
31730_cleaned.fif,post-stress,60,4644.140137,4646.883789,short,2.743652000000111,875.320007,4111.571777
31730_cleaned.fif,post-stress,61,4650.936035,4653.691895,short,2.7558600000002116,875.320007,4111.571777
31730_cleaned.fif,post-stress,62,4657.751953,4660.5,short,2.7480470000000423,875.320007,4111.571777
31730_cleaned.fif,post-stress,63,4664.452148,4667.655762,short,3.203614000000016,875.320007,4111.571777
31730_cleaned.fif,post-stress,64,4671.591797,4674.355957,short,2.7641599999997197,875.320007,4111.571777
31730_cleaned.fif,post-stress,65,4678.403809,4681.26416,short,2.860350999999355,875.320007,4111.571777
31730_cleaned.fif,post-stress,66,4684.875977,4691.76416,short,6.888183000000026,875.320007,4111.571777
31730_cleaned.fif,post-stress,67,4695.37207,4698.667969,short,3.2958989999997357,875.320007,4111.571777
31730_cleaned.fif,post-stress,68,4702.815918,4705.563965,short,2.7480470000000423,875.320007,4111.571777
31730_cleaned.fif,post-stress,69,4709.060059,4711.808105,short,2.748045999999704,875.320007,4111.571777
31730_cleaned.fif,post-stress,70,4715.304199,4718.164062,short,2.8598629999996774,875.320007,4111.571777
31730_cleaned.fif,post-stress,71,4721.788086,4724.432129,short,2.644043000000238,875.320007,4111.571777
31730_cleaned.fif,post-stress,72,4728.040039,4730.883789,short,2.84375,875.320007,4111.571777
31730_cleaned.fif,post-stress,73,4734.379883,4741.248047,short,6.868164000000434,875.320007,4111.571777
31730_cleaned.fif,post-stress,74,4744.748047,4747.600098,short,2.8520509999998467,875.320007,4111.571777
31730_cleaned.fif,post-stress,75,4751.10791,4753.868164,short,2.760254000000714,875.320007,4111.571777
48238_cleaned.fif,pre-stress,1,961.679993,964.752014,long,3.0720210000000634,930.859985,3978.748047
48238_cleaned.fif,pre-stress,2,968.559998,971.432007,long,2.872009000000048,930.859985,3978.748047
48238_cleaned.fif,pre-stress,3,975.507996,978.359985,long,2.851989000000003,930.859985,3978.748047
48238_cleaned.fif,pre-stress,4,981.763977,984.504028,long,2.740050999999994,930.859985,3978.748047
48238_cleaned.fif,pre-stress,5,988.659973,991.487976,long,2.828002999999967,930.859985,3978.748047
48238_cleaned.fif,pre-stress,6,995.76001,1017.788025,long,22.028014999999982,930.859985,3978.748047
48238_cleaned.fif,pre-stress,7,1022.599976,1025.248047,long,2.6480710000000727,930.859985,3978.748047
48238_cleaned.fif,pre-stress,8,1029.291992,1032.156006,long,2.8640139999999974,930.859985,3978.748047
48238_cleaned.fif,pre-stress,9,1036.303955,1039.047974,long,2.7440189999999802,930.859985,3978.748047
48238_cleaned.fif,pre-stress,10,1042.97998,1045.735962,long,2.7559819999999036,930.859985,3978.748047
48238_cleaned.fif,pre-stress,11,1049.667969,1052.420044,long,2.752074999999877,930.859985,3978.748047
48238_cleaned.fif,pre-stress,12,1056.472046,1059.104004,long,2.6319579999999405,930.859985,3978.748047
48238_cleaned.fif,pre-stress,13,1063.472046,1066.656006,long,3.1839599999998427,930.859985,3978.748047
48238_cleaned.fif,pre-stress,14,1070.387939,1073.671997,long,3.284057999999959,930.859985,3978.748047
48238_cleaned.fif,pre-stress,15,1077.171997,1079.900024,long,2.728027000000111,930.859985,3978.748047
48238_cleaned.fif,pre-stress,16,1083.404053,1086.819946,long,3.4158930000000964,930.859985,3978.748047
48238_cleaned.fif,pre-stress,17,1090.968018,1093.839966,long,2.871947999999975,930.859985,3978.748047
48238_cleaned.fif,pre-stress,18,1097.787964,1100.66394,long,2.8759759999998096,930.859985,3978.748047
48238_cleaned.fif,pre-stress,19,1104.699951,1107.667969,long,2.968018000000029,930.859985,3978.748047
48238_cleaned.fif,pre-stress,20,1111.16394,1114.452026,long,3.288086000000021,930.859985,3978.748047
48238_cleaned.fif,pre-stress,21,1118.380005,1121.151978,long,2.7719730000001164,930.859985,3978.748047
48238_cleaned.fif,pre-stress,22,1124.984009,1128.060059,long,3.0760499999998956,930.859985,3978.748047
48238_cleaned.fif,pre-stress,23,1131.784058,1134.660034,long,2.875976000000037,930.859985,3978.748047
48238_cleaned.fif,pre-stress,24,1138.375977,1141.248047,long,2.8720700000001216,930.859985,3978.748047
48238_cleaned.fif,pre-stress,25,1145.067993,1147.911987,long,2.843994000000066,930.859985,3978.748047
48238_cleaned.fif,pre-stress,26,1151.947998,1154.699951,long,2.7519529999999577,930.859985,3978.748047
48238_cleaned.fif,pre-stress,27,1158.192017,1180.112061,long,21.92004399999996,930.859985,3978.748047
48238_cleaned.fif,pre-stress,28,1184.472046,1193.291992,long,8.819945999999845,930.859985,3978.748047
48238_cleaned.fif,pre-stress,29,1196.911987,1199.563965,long,2.651978000000099,930.859985,3978.748047
48238_cleaned.fif,pre-stress,30,1203.171997,1205.895996,long,2.723999000000049,930.859985,3978.748047
48238_cleaned.fif,pre-stress,31,1209.395996,1212.364014,long,2.968018000000029,930.859985,3978.748047
48238_cleaned.fif,pre-stress,32,1216.088013,1218.812012,long,2.723999000000049,930.859985,3978.748047
48238_cleaned.fif,pre-stress,33,1222.319946,1225.060059,long,2.7401129999998375,930.859985,3978.748047
48238_cleaned.fif,pre-stress,34,1228.55603,1231.387939,long,2.831908999999996,930.859985,3978.748047
48238_cleaned.fif,pre-stress,35,1235.436035,1238.287964,long,2.8519290000001547,930.859985,3978.748047
48238_cleaned.fif,pre-stress,36,1242.31604,1245.092041,long,2.7760010000001785,930.859985,3978.748047
48238_cleaned.fif,pre-stress,37,1249.015991,1254.803955,long,5.787964000000102,930.859985,3978.748047
48238_cleaned.fif,pre-stress,38,1291.23999,1293.988037,short,2.7480470000000423,930.859985,3978.748047
48238_cleaned.fif,pre-stress,39,1297.932007,1300.676025,short,2.744017999999869,930.859985,3978.748047
48238_cleaned.fif,pre-stress,40,1304.291992,1307.052002,short,2.7600099999999657,930.859985,3978.748047
48238_cleaned.fif,pre-stress,41,1311.968018,1314.708008,short,2.7399900000000343,930.859985,3978.748047
48238_cleaned.fif,pre-stress,42,1319.508057,1323.364014,short,3.8559569999999894,930.859985,3978.748047
48238_cleaned.fif,pre-stress,43,1326.855957,1333.635986,short,6.780029000000013,930.859985,3978.748047
48238_cleaned.fif,pre-stress,44,1337.248047,1340.112061,short,2.8640139999999974,930.859985,3978.748047
48238_cleaned.fif,pre-stress,45,1343.619995,1346.588013,short,2.968018000000029,930.859985,3978.748047
48238_cleaned.fif,pre-stress,46,1350.083984,1353.052002,short,2.9680179999998018,930.859985,3978.748047
48238_cleaned.fif,pre-stress,47,1356.55603,1359.319946,short,2.7639160000001084,930.859985,3978.748047
48238_cleaned.fif,pre-stress,48,1362.823975,1365.588013,short,2.7640380000000278,930.859985,3978.748047
48238_cleaned.fif,pre-stress,49,1369.511963,1372.475952,short,2.9639890000000833,930.859985,3978.748047
48238_cleaned.fif,pre-stress,50,1375.972046,1379.040039,short,3.0679929999998876,930.859985,3978.748047
48238_cleaned.fif,pre-stress,51,1382.640015,1385.511963,short,2.871947999999975,930.859985,3978.748047
48238_cleaned.fif,pre-stress,52,1389.131958,1392.112061,short,2.980103000000099,930.859985,3978.748047
48238_cleaned.fif,pre-stress,53,1395.612061,1402.640015,short,7.027953999999909,930.859985,3978.748047
48238_cleaned.fif,pre-stress,54,1406.911987,1409.66394,short,2.7519529999999577,930.859985,3978.748047
48238_cleaned.fif,pre-stress,55,1413.267944,1416.027954,short,2.7600099999999657,930.859985,3978.748047
48238_cleaned.fif,pre-stress,56,1419.972046,1422.92395,short,2.951904000000013,930.859985,3978.748047
48238_cleaned.fif,pre-stress,57,1426.436035,1429.271973,short,2.835937999999942,930.859985,3978.748047
48238_cleaned.fif,pre-stress,58,1432.767944,1435.5,short,2.732056000000057,930.859985,3978.748047
48238_cleaned.fif,pre-stress,59,1439.108032,1442.079956,short,2.9719239999999445,930.859985,3978.748047
48238_cleaned.fif,pre-stress,60,1446.215942,1448.656006,short,2.440063999999893,930.859985,3978.748047
48238_cleaned.fif,pre-stress,61,1452.267944,1459.255981,short,6.988037000000077,930.859985,3978.748047
48238_cleaned.fif,pre-stress,62,1463.939941,1466.579956,short,2.6400149999999485,930.859985,3978.748047
48238_cleaned.fif,pre-stress,63,1470.823975,1473.791992,short,2.968016999999918,930.859985,3978.748047
48238_cleaned.fif,pre-stress,64,1478.060059,1480.699951,short,2.6398920000001453,930.859985,3978.748047
48238_cleaned.fif,pre-stress,65,1484.744019,1487.511963,short,2.767943999999943,930.859985,3978.748047
48238_cleaned.fif,pre-stress,66,1492.427979,1495.504028,short,3.076049000000012,930.859985,3978.748047
48238_cleaned.fif,pre-stress,67,1499.647949,1502.303955,short,2.6560060000001613,930.859985,3978.748047
48238_cleaned.fif,pre-stress,68,1506.339966,1512.680054,short,6.340087999999923,930.859985,3978.748047
48238_cleaned.fif,pre-stress,69,1517.167969,1520.223999,short,3.0560299999999643,930.859985,3978.748047
48238_cleaned.fif,pre-stress,70,1524.371948,1527.011963,short,2.6400149999999485,930.859985,3978.748047
48238_cleaned.fif,pre-stress,71,1530.628052,1533.296021,short,2.6679690000000846,930.859985,3978.748047
48238_cleaned.fif,pre-stress,72,1536.911987,1539.452026,short,2.540038999999979,930.859985,3978.748047
48238_cleaned.fif,pre-stress,73,1543.052002,1546.660034,short,3.608032000000094,930.859985,3978.748047
48238_cleaned.fif,pre-stress,74,1550.92395,1553.647949,short,2.7239989999998215,930.859985,3978.748047
48238_cleaned.fif,pre-stress,75,1557.68396,1560.44397,short,2.7600099999999657,930.859985,3978.748047
48238_cleaned.fif,pre-stress,76,1563.947998,1570.732056,short,6.784057999999959,930.859985,3978.748047
48238_cleaned.fif,pre-stress,77,1575.660034,1579.927979,short,4.267945000000054,930.859985,3978.748047
48238_cleaned.fif,pre-stress,78,1584.092041,1590.880005,short,6.787963999999874,930.859985,3978.748047
48238_cleaned.fif,post-stress,1,3995.899902,3998.659912,long,2.7600099999999657,930.859985,3978.748047
48238_cleaned.fif,post-stress,2,4002.60791,4005.248047,long,2.640136999999868,930.859985,3978.748047
48238_cleaned.fif,post-stress,3,4009.187988,4011.827881,long,2.639893000000029,930.859985,3978.748047
48238_cleaned.fif,post-stress,4,4015.667969,4018.419922,long,2.7519529999999577,930.859985,3978.748047
48238_cleaned.fif,post-stress,5,4021.924072,4024.456055,long,2.5319830000003094,930.859985,3978.748047
48238_cleaned.fif,post-stress,6,4027.855957,4049.139893,long,21.283935999999812,930.859985,3978.748047
48238_cleaned.fif,post-stress,7,4053.291992,4055.936035,long,2.644043000000238,930.859985,3978.748047
48238_cleaned.fif,post-stress,8,4059.76001,4062.728027,long,2.9680170000001453,930.859985,3978.748047
48238_cleaned.fif,post-stress,9,4066.659912,4069.399902,long,2.7399900000000343,930.859985,3978.748047
48238_cleaned.fif,post-stress,10,4072.912109,4075.86792,long,2.955811000000267,930.859985,3978.748047
48238_cleaned.fif,post-stress,11,4079.271973,4082.112061,long,2.8400879999999233,930.859985,3978.748047
48238_cleaned.fif,post-stress,12,4085.516113,4088.575928,long,3.0598150000000714,930.859985,3978.748047
48238_cleaned.fif,post-stress,13,4091.964111,4095.243896,long,3.2797850000001745,930.859985,3978.748047
48238_cleaned.fif,post-stress,14,4099.299805,4102.140137,long,2.8403320000006715,930.859985,3978.748047
48238_cleaned.fif,post-stress,15,4105.640137,4108.728027,long,3.0878899999997884,930.859985,3978.748047
48238_cleaned.fif,post-stress,16,4112.788086,4115.759766,long,2.9716800000005605,930.859985,3978.748047
48238_cleaned.fif,post-stress,17,4119.587891,4141.295898,long,21.70800700000018,930.859985,3978.748047
48238_cleaned.fif,post-stress,18,4144.899902,4147.755859,long,2.855956999999762,930.859985,3978.748047
48238_cleaned.fif,post-stress,19,4151.151855,4153.795898,long,2.644043000000238,930.859985,3978.748047
48238_cleaned.fif,post-stress,20,4157.295898,4159.611816,long,2.3159179999993285,930.859985,3978.748047
48238_cleaned.fif,post-stress,21,4163.111816,4165.751953,long,2.6401370000003226,930.859985,3978.748047
48238_cleaned.fif,post-stress,22,4169.576172,4171.755859,long,2.1796869999998307,930.859985,3978.748047
48238_cleaned.fif,post-stress,23,4175.071777,4177.60791,long,2.5361329999996087,930.859985,3978.748047
48238_cleaned.fif,post-stress,24,4181.443848,4184.204102,long,2.7602539999998044,930.859985,3978.748047
48238_cleaned.fif,post-stress,25,4187.700195,4190.344238,long,2.6440429999993285,930.859985,3978.748047
48238_cleaned.fif,post-stress,26,4193.839844,4215.344238,long,21.504393999999593,930.859985,3978.748047
48238_cleaned.fif,post-stress,27,4219.832031,4221.932129,long,2.100097999999889,930.859985,3978.748047
48238_cleaned.fif,post-stress,28,4226.191895,4228.39209,long,2.200195000000349,930.859985,3978.748047
48238_cleaned.fif,post-stress,29,4231.899902,4234.003906,long,2.1040039999998044,930.859985,3978.748047
48238_cleaned.fif,post-stress,30,4237.939941,4240.036133,long,2.0961919999999736,930.859985,3978.748047
48238_cleaned.fif,post-stress,31,4243.536133,4245.651855,long,2.11572200000046,930.859985,3978.748047
48238_cleaned.fif,post-stress,32,4249.140137,4251.76416,long,2.624022999999397,930.859985,3978.748047
48238_cleaned.fif,post-stress,33,4255.160156,4257.348145,long,2.187989000000016,930.859985,3978.748047
48238_cleaned.fif,post-stress,34,4260.844238,4262.936035,long,2.0917970000000423,930.859985,3978.748047
48238_cleaned.fif,post-stress,35,4266.443848,4268.551758,long,2.1079099999997197,930.859985,3978.748047
48238_cleaned.fif,post-stress,36,4272.036133,4274.255859,long,2.2197260000002643,930.859985,3978.748047
48238_cleaned.fif,post-stress,37,4277.755859,4279.963867,long,2.2080080000005182,930.859985,3978.748047
48238_cleaned.fif,post-stress,38,4283.888184,4285.996094,long,2.1079099999997197,930.859985,3978.748047
48238_cleaned.fif,post-stress,39,4289.39209,4291.60791,long,2.2158199999994395,930.859985,3978.748047
48238_cleaned.fif,post-stress,40,4327.39209,4329.596191,short,2.204100999999355,930.859985,3978.748047
48238_cleaned.fif,post-stress,41,4333.62793,4336.587891,short,2.959961000000476,930.859985,3978.748047
48238_cleaned.fif,post-stress,42,4340.852051,4347.076172,short,6.224121000000196,930.859985,3978.748047
48238_cleaned.fif,post-stress,43,4351.439941,4353.536133,short,2.0961919999999736,930.859985,3978.748047
48238_cleaned.fif,post-stress,44,4357.040039,4359.348145,short,2.3081059999994977,930.859985,3978.748047
48238_cleaned.fif,post-stress,45,4362.967773,4365.083984,short,2.1162109999995664,930.859985,3978.748047
48238_cleaned.fif,post-stress,46,4368.691895,4374.943848,short,6.251952999999958,930.859985,3978.748047
48238_cleaned.fif,post-stress,47,4378.560059,4380.680176,short,2.1201169999994818,930.859985,3978.748047
48238_cleaned.fif,post-stress,48,4384.171875,4386.383789,short,2.2119140000004336,930.859985,3978.748047
48238_cleaned.fif,post-stress,49,4391.868164,4398.839844,short,6.971679999999651,930.859985,3978.748047
48238_cleaned.fif,post-stress,50,4402.89209,4405.100098,short,2.2080079999996087,930.859985,3978.748047
48238_cleaned.fif,post-stress,51,4408.604004,4410.799805,short,2.1958009999998467,930.859985,3978.748047
48238_cleaned.fif,post-stress,52,4414.308105,4416.52002,short,2.2119149999998626,930.859985,3978.748047
48238_cleaned.fif,post-stress,53,4420.016113,4422.211914,short,2.195801000000756,930.859985,3978.748047
48238_cleaned.fif,post-stress,54,4425.724121,4427.912109,short,2.1879879999996774,930.859985,3978.748047
48238_cleaned.fif,post-stress,55,4431.852051,4433.939941,short,2.0878899999997884,930.859985,3978.748047
48238_cleaned.fif,post-stress,56,4437.448242,4443.779785,short,6.3315429999993285,930.859985,3978.748047
48238_cleaned.fif,post-stress,57,4447.28418,4449.5,short,2.215820000000349,930.859985,3978.748047
48238_cleaned.fif,post-stress,58,4453.332031,4455.516113,short,2.184081999999762,930.859985,3978.748047
48238_cleaned.fif,post-stress,59,4459.124023,4461.319824,short,2.1958009999998467,930.859985,3978.748047
48238_cleaned.fif,post-stress,60,4464.815918,4467.012207,short,2.196288999999524,930.859985,3978.748047
48238_cleaned.fif,post-stress,61,4470.492188,4472.700195,short,2.2080070000001797,930.859985,3978.748047
48238_cleaned.fif,post-stress,62,4476.200195,4478.388184,short,2.187989000000016,930.859985,3978.748047
48238_cleaned.fif,post-stress,63,4481.883789,4488.244141,short,6.360351999999693,930.859985,3978.748047
48238_cleaned.fif,post-stress,64,4492.388184,4494.571777,short,2.183592999999746,930.859985,3978.748047
48238_cleaned.fif,post-stress,65,4499.271973,4501.819824,short,2.5478510000002643,930.859985,3978.748047
48238_cleaned.fif,post-stress,66,4505.328125,4507.523926,short,2.1958009999998467,930.859985,3978.748047
48238_cleaned.fif,post-stress,67,4511.13623,4513.355957,short,2.2197269999996934,930.859985,3978.748047
48238_cleaned.fif,post-stress,68,4516.859863,4519.056152,short,2.1962890000004336,930.859985,3978.748047
48238_cleaned.fif,post-stress,69,4522.551758,4528.443848,short,5.89209000000028,930.859985,3978.748047
48238_cleaned.fif,post-stress,70,4532.047852,4534.13623,short,2.0883780000003753,930.859985,3978.748047
48238_cleaned.fif,post-stress,71,4537.744141,4539.919922,short,2.1757809999999154,930.859985,3978.748047
48238_cleaned.fif,post-stress,72,4543.412109,4545.60791,short,2.1958009999998467,930.859985,3978.748047
48238_cleaned.fif,post-stress,73,4549.224121,4551.443848,short,2.2197269999996934,930.859985,3978.748047
48238_cleaned.fif,post-stress,74,4555.060059,4557.240234,short,2.180174999999508,930.859985,3978.748047
48238_cleaned.fif,post-stress,75,4560.748047,4562.932129,short,2.184081999999762,930.859985,3978.748047
48238_cleaned.fif,post-stress,76,4566.428223,4568.644043,short,2.215820000000349,930.859985,3978.748047
48238_cleaned.fif,post-stress,77,4572.147949,4575.0,short,2.8520509999998467,930.859985,3978.748047
48238_cleaned.fif,post-stress,78,4579.043945,4585.279785,short,6.235839999999371,930.859985,3978.748047
48238_cleaned.fif,post-stress,79,4590.532227,4592.73584,short,2.203613000000587,930.859985,3978.748047
48238_cleaned.fif,post-stress,80,4597.523926,4600.956055,short,3.4321289999998044,930.859985,3978.748047
48238_cleaned.fif,post-stress,81,4604.556152,4606.73584,short,2.1796880000001693,930.859985,3978.748047
48238_cleaned.fif,post-stress,82,4610.244141,4612.456055,short,2.211913999999524,930.859985,3978.748047
48238_cleaned.fif,post-stress,83,4615.952148,4618.151855,short,2.199706999999762,930.859985,3978.748047
48238_cleaned.fif,post-stress,84,4621.547852,4623.755859,short,2.2080070000001797,930.859985,3978.748047
47204_cleaned.fif,pre-stress,1,713.85199,716.719971,short,2.867980999999986,695.932007,3691.60791
47204_cleaned.fif,pre-stress,2,720.664001,723.624023,short,2.960021999999981,695.932007,3691.60791
47204_cleaned.fif,pre-stress,3,727.776001,730.940002,short,3.1640010000000984,695.932007,3691.60791
47204_cleaned.fif,pre-stress,4,735.107971,738.604004,short,3.4960330000000113,695.932007,3691.60791
47204_cleaned.fif,pre-stress,5,743.635986,746.495972,short,2.859986000000049,695.932007,3691.60791
47204_cleaned.fif,pre-stress,6,750.33197,753.088013,short,2.7560430000000906,695.932007,3691.60791
47204_cleaned.fif,pre-stress,7,757.244019,760.411987,short,3.1679679999999735,695.932007,3691.60791
47204_cleaned.fif,pre-stress,8,764.263977,775.064026,short,10.800049000000058,695.932007,3691.60791
47204_cleaned.fif,pre-stress,9,779.424011,786.971985,short,7.5479740000000675,695.932007,3691.60791
47204_cleaned.fif,pre-stress,10,791.35199,794.296021,short,2.9440309999999954,695.932007,3691.60791
47204_cleaned.fif,pre-stress,11,801.723999,805.783997,short,4.0599979999999505,695.932007,3691.60791
47204_cleaned.fif,pre-stress,12,809.935974,817.143982,short,7.2080080000000635,695.932007,3691.60791
47204_cleaned.fif,pre-stress,13,821.73999,827.340027,short,5.600036999999929,695.932007,3691.60791
47204_cleaned.fif,pre-stress,14,831.815979,841.752014,short,9.93603500000006,695.932007,3691.60791
47204_cleaned.fif,pre-stress,15,846.564026,855.747986,short,9.183959999999956,695.932007,3691.60791
47204_cleaned.fif,pre-stress,16,861.307983,868.531982,short,7.223998999999935,695.932007,3691.60791
47204_cleaned.fif,pre-stress,17,874.76001,877.916016,short,3.1560060000000476,695.932007,3691.60791
47204_cleaned.fif,pre-stress,18,882.835999,885.804016,short,2.9680170000000317,695.932007,3691.60791
47204_cleaned.fif,pre-stress,19,889.952026,893.471985,short,3.5199589999999716,695.932007,3691.60791
47204_cleaned.fif,pre-stress,20,898.047974,917.812012,short,19.764038000000028,695.932007,3691.60791
47204_cleaned.fif,pre-stress,21,922.072021,928.867981,short,6.795960000000036,695.932007,3691.60791
47204_cleaned.fif,pre-stress,22,933.460022,936.219971,short,2.759949000000006,695.932007,3691.60791
47204_cleaned.fif,pre-stress,23,940.695984,943.455994,short,2.7600100000000793,695.932007,3691.60791
47204_cleaned.fif,pre-stress,24,946.94397,950.580017,short,3.6360469999999623,695.932007,3691.60791
47204_cleaned.fif,pre-stress,25,954.744019,957.599976,short,2.8559569999999894,695.932007,3691.60791
47204_cleaned.fif,pre-stress,26,961.755981,964.400024,short,2.6440430000000106,695.932007,3691.60791
47204_cleaned.fif,pre-stress,27,968.656006,971.375977,short,2.719970999999987,695.932007,3691.60791
47204_cleaned.fif,pre-stress,28,975.559998,978.307983,short,2.747985000000085,695.932007,3691.60791
47204_cleaned.fif,pre-stress,29,982.471985,985.567993,short,3.0960079999999834,695.932007,3691.60791
47204_cleaned.fif,pre-stress,30,989.711975,992.487976,short,2.776000999999951,695.932007,3691.60791
47204_cleaned.fif,pre-stress,31,997.632019,1004.528015,short,6.895995999999968,695.932007,3691.60791
47204_cleaned.fif,pre-stress,32,1009.223999,1012.088013,short,2.8640139999999974,695.932007,3691.60791
47204_cleaned.fif,pre-stress,33,1049.271973,1052.475952,long,3.2039790000001176,695.932007,3691.60791
47204_cleaned.fif,pre-stress,34,1056.416016,1059.371948,long,2.9559320000000753,695.932007,3691.60791
47204_cleaned.fif,pre-stress,35,1063.319946,1066.395996,long,3.0760499999998956,695.932007,3691.60791
47204_cleaned.fif,pre-stress,36,1070.439941,1072.963989,long,2.5240479999999934,695.932007,3691.60791
47204_cleaned.fif,pre-stress,37,1076.68396,1079.656006,long,2.972045999999864,695.932007,3691.60791
47204_cleaned.fif,pre-stress,38,1083.276001,1087.02002,long,3.7440189999999802,695.932007,3691.60791
47204_cleaned.fif,pre-stress,39,1091.171997,1093.832031,long,2.660033999999996,695.932007,3691.60791
47204_cleaned.fif,pre-stress,40,1097.97998,1100.723999,long,2.7440189999999802,695.932007,3691.60791
47204_cleaned.fif,pre-stress,41,1104.891968,1107.767944,long,2.875976000000037,695.932007,3691.60791
47204_cleaned.fif,pre-stress,42,1111.819946,1114.560059,long,2.7401129999998375,695.932007,3691.60791
47204_cleaned.fif,pre-stress,43,1118.052002,1120.791992,long,2.7399900000000343,695.932007,3691.60791
47204_cleaned.fif,pre-stress,44,1124.932007,1146.891968,long,21.959960999999794,695.932007,3691.60791
47204_cleaned.fif,pre-stress,45,1152.343994,1155.212036,long,2.868041999999832,695.932007,3691.60791
47204_cleaned.fif,pre-stress,46,1159.124023,1162.092041,long,2.968018000000029,695.932007,3691.60791
47204_cleaned.fif,pre-stress,47,1165.916016,1168.900024,long,2.984008000000131,695.932007,3691.60791
47204_cleaned.fif,pre-stress,48,1173.036011,1176.895996,long,3.8599850000000515,695.932007,3691.60791
47204_cleaned.fif,pre-stress,49,1180.508057,1183.251953,long,2.7438959999999497,695.932007,3691.60791
47204_cleaned.fif,pre-stress,50,1186.859985,1189.651978,long,2.7919930000000477,695.932007,3691.60791
47204_cleaned.fif,pre-stress,51,1193.920044,1197.208008,long,3.287964000000102,695.932007,3691.60791
47204_cleaned.fif,pre-stress,52,1202.244019,1205.31604,long,3.0720209999999497,695.932007,3691.60791
47204_cleaned.fif,pre-stress,53,1208.911987,1211.671997,long,2.7600099999999657,695.932007,3691.60791
47204_cleaned.fif,pre-stress,54,1215.176025,1218.124023,long,2.947998000000098,695.932007,3691.60791
47204_cleaned.fif,pre-stress,55,1222.180054,1225.043945,long,2.863890999999967,695.932007,3691.60791
47204_cleaned.fif,pre-stress,56,1229.196045,1232.052002,long,2.8559569999999894,695.932007,3691.60791
47204_cleaned.fif,pre-stress,57,1235.660034,1238.432007,long,2.7719730000001164,695.932007,3691.60791
47204_cleaned.fif,pre-stress,58,1242.583984,1245.328003,long,2.7440189999999802,695.932007,3691.60791
47204_cleaned.fif,pre-stress,59,1248.832031,1251.687988,long,2.8559569999999894,695.932007,3691.60791
47204_cleaned.fif,pre-stress,60,1256.387939,1259.235962,long,2.848023000000012,695.932007,3691.60791
47204_cleaned.fif,pre-stress,61,1263.608032,1266.248047,long,2.6400149999999485,695.932007,3691.60791
47204_cleaned.fif,pre-stress,62,1270.303955,1292.23999,long,21.936034999999947,695.932007,3691.60791
47204_cleaned.fif,pre-stress,63,1296.715942,1299.671997,long,2.9560549999998784,695.932007,3691.60791
47204_cleaned.fif,pre-stress,64,1303.94397,1306.583984,long,2.6400140000000647,695.932007,3691.60791
47204_cleaned.fif,pre-stress,65,1310.192017,1312.927979,long,2.7359619999999722,695.932007,3691.60791
47204_cleaned.fif,pre-stress,66,1316.543945,1320.391968,long,3.848023000000012,695.932007,3691.60791
47204_cleaned.fif,pre-stress,67,1325.855957,1329.472046,long,3.616089000000102,695.932007,3691.60791
47204_cleaned.fif,pre-stress,68,1336.248047,1339.199951,long,2.951904000000013,695.932007,3691.60791
47204_cleaned.fif,pre-stress,69,1343.459961,1346.332031,long,2.872069999999894,695.932007,3691.60791
47204_cleaned.fif,post-stress,1,3713.924072,3716.904053,long,2.979981000000407,695.932007,3691.60791
47204_cleaned.fif,post-stress,2,3721.052002,3724.016113,long,2.96411100000023,695.932007,3691.60791
47204_cleaned.fif,post-stress,3,3727.508057,3730.916016,long,3.407959000000119,695.932007,3691.60791
47204_cleaned.fif,post-stress,4,3734.843994,3737.827881,long,2.9838870000003226,695.932007,3691.60791
47204_cleaned.fif,post-stress,5,3741.436035,3744.295898,long,2.8598629999996774,695.932007,3691.60791
47204_cleaned.fif,post-stress,6,3747.808105,3750.808105,long,3.0,695.932007,3691.60791
47204_cleaned.fif,post-stress,7,3754.763916,3757.843994,long,3.0800779999999577,695.932007,3691.60791
47204_cleaned.fif,post-stress,8,3761.575928,3764.335938,long,2.7600099999999657,695.932007,3691.60791
47204_cleaned.fif,post-stress,9,3768.167969,3771.011963,long,2.8439939999998387,695.932007,3691.60791
47204_cleaned.fif,post-stress,10,3774.412109,3777.612061,long,3.1999519999999393,695.932007,3691.60791
47204_cleaned.fif,post-stress,11,3781.76001,3784.62793,long,2.86792000000014,695.932007,3691.60791
47204_cleaned.fif,post-stress,12,3788.120117,3791.0,long,2.8798830000000635,695.932007,3691.60791
47204_cleaned.fif,post-stress,13,3794.944092,3797.808105,long,2.8640129999998862,695.932007,3691.60791
47204_cleaned.fif,post-stress,14,3801.531982,3804.176025,long,2.644043000000238,695.932007,3691.60791
47204_cleaned.fif,post-stress,15,3807.572021,3810.748047,long,3.1760260000000926,695.932007,3691.60791
47204_cleaned.fif,post-stress,16,3814.800049,3817.560059,long,2.7600099999999657,695.932007,3691.60791
47204_cleaned.fif,post-stress,17,3821.399902,3824.144043,long,2.744140999999672,695.932007,3691.60791
47204_cleaned.fif,post-stress,18,3827.756104,3849.808105,long,22.05200100000002,695.932007,3691.60791
47204_cleaned.fif,post-stress,19,3854.072021,3860.424072,long,6.352050999999847,695.932007,3691.60791
47204_cleaned.fif,post-stress,20,3864.023926,3866.656006,long,2.6320800000003146,695.932007,3691.60791
47204_cleaned.fif,post-stress,21,3870.263916,3873.0,long,2.736084000000119,695.932007,3691.60791
47204_cleaned.fif,post-stress,22,3876.508057,3879.795898,long,3.287840999999844,695.932007,3691.60791
47204_cleaned.fif,post-stress,23,3883.291992,3886.248047,long,2.956055000000106,695.932007,3691.60791
47204_cleaned.fif,post-stress,24,3889.860107,3892.947998,long,3.087891000000127,695.932007,3691.60791
47204_cleaned.fif,post-stress,25,3896.552002,3899.491943,long,2.93994100000009,695.932007,3691.60791
47204_cleaned.fif,post-stress,26,3903.104004,3905.751953,long,2.6479490000001533,695.932007,3691.60791
47204_cleaned.fif,post-stress,27,3909.36792,3912.243896,long,2.8759759999998096,695.932007,3691.60791
47204_cleaned.fif,post-stress,28,3915.855957,3922.407959,long,6.552001999999902,695.932007,3691.60791
47204_cleaned.fif,post-stress,29,3925.907959,3928.756104,long,2.8481449999999313,695.932007,3691.60791
47204_cleaned.fif,post-stress,30,3932.26001,3934.996094,long,2.736084000000119,695.932007,3691.60791
47204_cleaned.fif,post-stress,31,3938.600098,3941.47998,long,2.8798820000001797,695.932007,3691.60791
47204_cleaned.fif,post-stress,32,3945.095947,3947.63208,long,2.5361330000000635,695.932007,3691.60791
47204_cleaned.fif,post-stress,33,3951.256104,3954.23999,long,2.983885999999984,695.932007,3691.60791
47204_cleaned.fif,post-stress,34,3957.73999,3960.496094,long,2.7561040000000503,695.932007,3691.60791
47204_cleaned.fif,post-stress,35,3963.820068,3966.568115,long,2.7480470000000423,695.932007,3691.60791
47204_cleaned.fif,post-stress,36,3971.043945,3992.87207,long,21.828125,695.932007,3691.60791
47204_cleaned.fif,post-stress,37,3996.491943,3999.476074,long,2.9841310000001613,695.932007,3691.60791
47204_cleaned.fif,post-stress,38,4003.083984,4009.875977,long,6.791993000000275,695.932007,3691.60791
47204_cleaned.fif,post-stress,39,4046.73999,4049.280029,short,2.540038999999979,695.932007,3691.60791
47204_cleaned.fif,post-stress,40,4053.439941,4056.419922,short,2.9799809999999525,695.932007,3691.60791
47204_cleaned.fif,post-stress,41,4060.035889,4062.783936,short,2.7480469999995876,695.932007,3691.60791
47204_cleaned.fif,post-stress,42,4066.404053,4069.251953,short,2.847899999999754,695.932007,3691.60791
47204_cleaned.fif,post-stress,43,4072.8479,4075.600098,short,2.75219799999968,695.932007,3691.60791
47204_cleaned.fif,post-stress,44,4079.211914,4082.068115,short,2.8562010000000555,695.932007,3691.60791
47204_cleaned.fif,post-stress,45,4086.340088,4089.224121,short,2.8840330000002723,695.932007,3691.60791
47204_cleaned.fif,post-stress,46,4092.832031,4095.924072,short,3.092040999999881,695.932007,3691.60791
47204_cleaned.fif,post-stress,47,4100.191895,4103.032227,short,2.840331999999762,695.932007,3691.60791
47204_cleaned.fif,post-stress,48,4107.295898,4110.375977,short,3.0800789999993867,695.932007,3691.60791
47204_cleaned.fif,post-stress,49,4114.527832,4117.611816,short,3.083983999999873,695.932007,3691.60791
47204_cleaned.fif,post-stress,50,4121.888184,4124.740234,short,2.852049999999508,695.932007,3691.60791
47204_cleaned.fif,post-stress,51,4128.459961,4131.335938,short,2.875977000000603,695.932007,3691.60791
47204_cleaned.fif,post-stress,52,4135.171875,4141.86377,short,6.691894999999931,695.932007,3691.60791
47204_cleaned.fif,post-stress,53,4145.691895,4148.868164,short,3.1762690000005023,695.932007,3691.60791
47204_cleaned.fif,post-stress,54,4152.472168,4155.231934,short,2.759766000000127,695.932007,3691.60791
47204_cleaned.fif,post-stress,55,4158.839844,4161.591797,short,2.7519529999999577,695.932007,3691.60791
47204_cleaned.fif,post-stress,56,4165.291992,4168.056152,short,2.7641599999997197,695.932007,3691.60791
47204_cleaned.fif,post-stress,57,4171.768066,4174.5,short,2.731934000000365,695.932007,3691.60791
47204_cleaned.fif,post-stress,58,4177.932129,4180.695801,short,2.7636720000000423,695.932007,3691.60791
47204_cleaned.fif,post-stress,59,4184.540039,4187.383789,short,2.84375,695.932007,3691.60791
47204_cleaned.fif,post-stress,60,4191.003906,4193.751953,short,2.7480470000000423,695.932007,3691.60791
47204_cleaned.fif,post-stress,61,4198.032227,4200.791992,short,2.759765000000698,695.932007,3691.60791
47204_cleaned.fif,post-stress,62,4204.412109,4207.379883,short,2.9677739999997357,695.932007,3691.60791
47204_cleaned.fif,post-stress,63,4210.996094,4213.844238,short,2.848143999999593,695.932007,3691.60791
47204_cleaned.fif,post-stress,64,4217.456055,4220.208008,short,2.7519529999999577,695.932007,3691.60791
47204_cleaned.fif,post-stress,65,4223.824219,4226.695801,short,2.871581999999762,695.932007,3691.60791
47204_cleaned.fif,post-stress,66,4230.419922,4233.187988,short,2.768065999999635,695.932007,3691.60791
47204_cleaned.fif,post-stress,67,4236.795898,4239.651855,short,2.855956999999762,695.932007,3691.60791
47204_cleaned.fif,post-stress,68,4243.26416,4250.251953,short,6.987793000000238,695.932007,3691.60791
47204_cleaned.fif,post-stress,69,4254.523926,4257.39209,short,2.8681640000004336,695.932007,3691.60791
47204_cleaned.fif,post-stress,70,4261.02002,4263.768066,short,2.748045999999704,695.932007,3691.60791
47204_cleaned.fif,post-stress,71,4268.248047,4271.0,short,2.7519529999999577,695.932007,3691.60791
47204_cleaned.fif,post-stress,72,4274.620117,4277.687988,short,3.067870999999286,695.932007,3691.60791
47204_cleaned.fif,post-stress,73,4281.288086,4284.023926,short,2.7358400000002803,695.932007,3691.60791
47204_cleaned.fif,post-stress,74,4288.26416,4291.02002,short,2.7558600000002116,695.932007,3691.60791
47204_cleaned.fif,post-stress,75,4294.631836,4297.576172,short,2.944336000000476,695.932007,3691.60791
47204_cleaned.fif,post-stress,76,4302.060059,4305.379883,short,3.319823999999244,695.932007,3691.60791
47204_cleaned.fif,post-stress,77,4309.655762,4312.611816,short,2.9560539999993125,695.932007,3691.60791
47204_cleaned.fif,post-stress,78,4316.563965,4319.428223,short,2.8642579999996087,695.932007,3691.60791
47204_cleaned.fif,post-stress,79,4323.583984,4326.551758,short,2.9677739999997357,695.932007,3691.60791
47204_cleaned.fif,post-stress,80,4331.248047,4334.208008,short,2.9599609999995664,695.932007,3691.60791
47204_cleaned.fif,post-stress,81,4338.47998,4341.439941,short,2.9599609999995664,695.932007,3691.60791
47324_cleaned.fif,pre-stress,1,1008.432007,1011.176025,long,2.7440179999999827,989.323975,4335.87207
47324_cleaned.fif,pre-stress,2,1014.679993,1017.867981,long,3.1879880000000185,989.323975,4335.87207
47324_cleaned.fif,pre-stress,3,1021.364014,1024.44397,long,3.0799560000000383,989.323975,4335.87207
47324_cleaned.fif,pre-stress,4,1027.94397,1030.803955,long,2.8599850000000515,989.323975,4335.87207
47324_cleaned.fif,pre-stress,5,1034.303955,1037.16394,long,2.859984999999824,989.323975,4335.87207
47324_cleaned.fif,pre-stress,6,1045.887939,1067.699951,long,21.812012000000095,989.323975,4335.87207
47324_cleaned.fif,pre-stress,7,1071.312012,1073.947998,long,2.6359860000000026,989.323975,4335.87207
47324_cleaned.fif,pre-stress,8,1077.436035,1080.328003,long,2.8919680000001335,989.323975,4335.87207
47324_cleaned.fif,pre-stress,9,1083.939941,1086.484009,long,2.5440679999999247,989.323975,4335.87207
47324_cleaned.fif,pre-stress,10,1089.884033,1092.624023,long,2.7399900000000343,989.323975,4335.87207
47324_cleaned.fif,pre-stress,11,1096.135986,1117.859985,long,21.72399900000005,989.323975,4335.87207
47324_cleaned.fif,pre-stress,12,1121.359985,1124.0,long,2.6400149999999485,989.323975,4335.87207
47324_cleaned.fif,pre-stress,13,1127.599976,1130.147949,long,2.5479729999999563,989.323975,4335.87207
47324_cleaned.fif,pre-stress,14,1133.647949,1136.936035,long,3.288086000000021,989.323975,4335.87207
47324_cleaned.fif,pre-stress,15,1140.432007,1143.063965,long,2.6319579999999405,989.323975,4335.87207
47324_cleaned.fif,pre-stress,16,1146.776001,1168.475952,long,21.699951000000056,989.323975,4335.87207
47324_cleaned.fif,pre-stress,17,1171.956055,1174.812012,long,2.8559569999999894,989.323975,4335.87207
47324_cleaned.fif,pre-stress,18,1178.192017,1180.832031,long,2.6400139999998373,989.323975,4335.87207
47324_cleaned.fif,pre-stress,19,1184.232056,1205.76001,long,21.52795399999991,989.323975,4335.87207
47324_cleaned.fif,pre-stress,20,1209.687988,1212.660034,long,2.9720460000000912,989.323975,4335.87207
47324_cleaned.fif,pre-stress,21,1216.160034,1218.787964,long,2.627930000000106,989.323975,4335.87207
47324_cleaned.fif,pre-stress,22,1222.303955,1224.932007,long,2.628052000000025,989.323975,4335.87207
47324_cleaned.fif,pre-stress,23,1228.767944,1250.592041,long,21.824097000000165,989.323975,4335.87207
47324_cleaned.fif,pre-stress,24,1254.07605,1257.251953,long,3.175903000000062,989.323975,4335.87207
47324_cleaned.fif,pre-stress,25,1260.852051,1263.488037,long,2.6359860000000026,989.323975,4335.87207
47324_cleaned.fif,pre-stress,26,1267.411987,1270.151978,long,2.7399910000001455,989.323975,4335.87207
47324_cleaned.fif,pre-stress,27,1273.640015,1295.468018,long,21.82800300000008,989.323975,4335.87207
47324_cleaned.fif,pre-stress,28,1298.952026,1301.692017,long,2.7399910000001455,989.323975,4335.87207
47324_cleaned.fif,pre-stress,29,1338.55603,1341.180054,short,2.624023999999963,989.323975,4335.87207
47324_cleaned.fif,pre-stress,30,1345.02002,1351.904053,short,6.884033000000045,989.323975,4335.87207
47324_cleaned.fif,pre-stress,31,1355.411987,1358.287964,short,2.875977000000148,989.323975,4335.87207
47324_cleaned.fif,pre-stress,32,1361.784058,1364.635986,short,2.8519280000000435,989.323975,4335.87207
47324_cleaned.fif,pre-stress,33,1368.140015,1371.228027,short,3.0880120000001625,989.323975,4335.87207
47324_cleaned.fif,pre-stress,34,1374.723999,1381.187988,short,6.463988999999856,989.323975,4335.87207
47324_cleaned.fif,pre-stress,35,1385.692017,1388.323975,short,2.6319579999999405,989.323975,4335.87207
47324_cleaned.fif,pre-stress,36,1391.947998,1394.484009,short,2.5360109999999167,989.323975,4335.87207
47324_cleaned.fif,pre-stress,37,1397.984009,1404.680054,short,6.696044999999913,989.323975,4335.87207
47324_cleaned.fif,pre-stress,38,1408.291992,1410.907959,short,2.615966999999955,989.323975,4335.87207
47324_cleaned.fif,pre-stress,39,1414.524048,1417.359985,short,2.835937000000058,989.323975,4335.87207
47324_cleaned.fif,pre-stress,40,1420.864014,1427.767944,short,6.903929999999946,989.323975,4335.87207
47324_cleaned.fif,pre-stress,41,1431.267944,1433.995972,short,2.728027999999995,989.323975,4335.87207
47324_cleaned.fif,pre-stress,42,1437.5,1440.144043,short,2.6440430000000106,989.323975,4335.87207
47324_cleaned.fif,pre-stress,43,1443.771973,1446.508057,short,2.736084000000119,989.323975,4335.87207
47324_cleaned.fif,pre-stress,44,1450.011963,1456.800049,short,6.788086000000021,989.323975,4335.87207
47324_cleaned.fif,pre-stress,45,1460.307983,1462.947998,short,2.640015000000176,989.323975,4335.87207
47324_cleaned.fif,pre-stress,46,1466.452026,1469.52002,short,3.0679939999999988,989.323975,4335.87207
47324_cleaned.fif,pre-stress,47,1473.036011,1476.343994,short,3.3079830000001493,989.323975,4335.87207
47324_cleaned.fif,pre-stress,48,1479.848022,1486.83606,short,6.988038000000188,989.323975,4335.87207
47324_cleaned.fif,pre-stress,49,1490.343994,1493.07605,short,2.7320559999998295,989.323975,4335.87207
47324_cleaned.fif,pre-stress,50,1496.572021,1499.748047,short,3.1760260000000926,989.323975,4335.87207
47324_cleaned.fif,pre-stress,51,1503.807983,1510.583984,short,6.7760010000001785,989.323975,4335.87207
47324_cleaned.fif,pre-stress,52,1514.079956,1516.728027,short,2.6480710000000727,989.323975,4335.87207
47324_cleaned.fif,pre-stress,53,1520.232056,1523.199951,short,2.9678949999999986,989.323975,4335.87207
47324_cleaned.fif,pre-stress,54,1526.823975,1533.723999,short,6.90002400000003,989.323975,4335.87207
47324_cleaned.fif,pre-stress,55,1537.228027,1539.880005,short,2.651977999999872,989.323975,4335.87207
47324_cleaned.fif,pre-stress,56,1543.375977,1546.23999,short,2.8640130000001136,989.323975,4335.87207
47324_cleaned.fif,pre-stress,57,1549.735962,1556.411987,short,6.6760249999999814,989.323975,4335.87207
47324_cleaned.fif,pre-stress,58,1560.024048,1562.660034,short,2.6359860000000026,989.323975,4335.87207
47324_cleaned.fif,pre-stress,59,1566.171997,1569.036011,short,2.8640139999999974,989.323975,4335.87207
47324_cleaned.fif,pre-stress,60,1572.640015,1579.411987,short,6.771972000000005,989.323975,4335.87207
47324_cleaned.fif,pre-stress,61,1582.900024,1585.536011,short,2.6359869999998864,989.323975,4335.87207
47324_cleaned.fif,pre-stress,62,1589.151978,1591.57605,short,2.4240719999997964,989.323975,4335.87207
47324_cleaned.fif,pre-stress,63,1595.180054,1601.956055,short,6.7760010000001785,989.323975,4335.87207
47324_cleaned.fif,pre-stress,64,1605.468018,1608.212036,short,2.744017999999869,989.323975,4335.87207
47324_cleaned.fif,pre-stress,65,1611.712036,1618.416016,short,6.703980000000001,989.323975,4335.87207
47324_cleaned.fif,pre-stress,66,1621.920044,1624.560059,short,2.6400149999999485,989.323975,4335.87207
47324_cleaned.fif,pre-stress,67,1628.067993,1630.708008,short,2.640015000000176,989.323975,4335.87207
47324_cleaned.fif,pre-stress,68,1634.312012,1641.083984,short,6.771972000000005,989.323975,4335.87207
47324_cleaned.fif,post-stress,1,4356.835938,4359.383789,short,2.5478510000002643,989.323975,4335.87207
47324_cleaned.fif,post-stress,2,4362.89209,4365.428223,short,2.5361329999996087,989.323975,4335.87207
47324_cleaned.fif,post-stress,3,4368.815918,4371.359863,short,2.5439449999994395,989.323975,4335.87207
47324_cleaned.fif,post-stress,4,4374.751953,4381.63623,short,6.884277000000111,989.323975,4335.87207
47324_cleaned.fif,post-stress,5,4385.120117,4387.463867,short,2.34375,989.323975,4335.87207
47324_cleaned.fif,post-stress,6,4391.516113,4394.147949,short,2.631836000000476,989.323975,4335.87207
47324_cleaned.fif,post-stress,7,4397.540039,4405.408203,short,7.868163999999524,989.323975,4335.87207
47324_cleaned.fif,post-stress,8,4408.912109,4411.547852,short,2.6357429999998203,989.323975,4335.87207
47324_cleaned.fif,post-stress,9,4415.043945,4417.576172,short,2.5322269999996934,989.323975,4335.87207
47324_cleaned.fif,post-stress,10,4421.076172,4428.071777,short,6.995605000000069,989.323975,4335.87207
47324_cleaned.fif,post-stress,11,4433.319824,4435.859863,short,2.540038999999524,989.323975,4335.87207
47324_cleaned.fif,post-stress,12,4439.251953,4442.003906,short,2.7519529999999577,989.323975,4335.87207
47324_cleaned.fif,post-stress,13,4445.403809,4452.071777,short,6.667967999999746,989.323975,4335.87207
47324_cleaned.fif,post-stress,14,4456.89209,4459.660156,short,2.768065999999635,989.323975,4335.87207
47324_cleaned.fif,post-stress,15,4463.279785,4466.255859,short,2.9760740000001533,989.323975,4335.87207
47324_cleaned.fif,post-stress,16,4470.195801,4476.992188,short,6.796387000000323,989.323975,4335.87207
47324_cleaned.fif,post-stress,17,4480.379883,4483.007812,short,2.627929000000222,989.323975,4335.87207
47324_cleaned.fif,post-stress,18,4486.403809,4489.043945,short,2.640135999999984,989.323975,4335.87207
47324_cleaned.fif,post-stress,19,4492.428223,4499.76416,short,7.335936999999831,989.323975,4335.87207
47324_cleaned.fif,post-stress,20,4503.164062,4505.916016,short,2.751954000000296,989.323975,4335.87207
47324_cleaned.fif,post-stress,21,4509.315918,4511.948242,short,2.6323240000001533,989.323975,4335.87207
47324_cleaned.fif,post-stress,22,4515.352051,4518.096191,short,2.7441399999997884,989.323975,4335.87207
47324_cleaned.fif,post-stress,23,4521.932129,4529.144043,short,7.211914000000434,989.323975,4335.87207
47324_cleaned.fif,post-stress,24,4532.651855,4535.315918,short,2.6640630000001693,989.323975,4335.87207
47324_cleaned.fif,post-stress,25,4538.704102,4541.680176,short,2.9760740000001533,989.323975,4335.87207
47324_cleaned.fif,post-stress,26,4545.184082,4552.60791,short,7.423827999999958,989.323975,4335.87207
47324_cleaned.fif,post-stress,27,4556.0,4558.540039,short,2.5400390000004336,989.323975,4335.87207
47324_cleaned.fif,post-stress,28,4561.936035,4564.691895,short,2.7558600000002116,989.323975,4335.87207
47324_cleaned.fif,post-stress,29,4568.516113,4571.151855,short,2.6357420000003913,989.323975,4335.87207
47324_cleaned.fif,post-stress,30,4574.547852,4581.543945,short,6.996093000000656,989.323975,4335.87207
47324_cleaned.fif,post-stress,31,4584.936035,4587.704102,short,2.7680669999999736,989.323975,4335.87207
47324_cleaned.fif,post-stress,32,4591.976074,4594.832031,short,2.855956999999762,989.323975,4335.87207
47324_cleaned.fif,post-stress,33,4598.312012,4600.97998,short,2.667967999999746,989.323975,4335.87207
47324_cleaned.fif,post-stress,34,4604.383789,4611.164062,short,6.780272999999397,989.323975,4335.87207
47324_cleaned.fif,post-stress,35,4614.540039,4617.395996,short,2.855956999999762,989.323975,4335.87207
47324_cleaned.fif,post-stress,36,4620.895996,4623.419922,short,2.5239259999998467,989.323975,4335.87207
47324_cleaned.fif,post-stress,37,4626.812012,4633.60791,short,6.795897999999397,989.323975,4335.87207
47324_cleaned.fif,post-stress,38,4638.432129,4641.071777,short,2.6396480000003066,989.323975,4335.87207
47324_cleaned.fif,post-stress,39,4644.452148,4647.083984,short,2.6318359999995664,989.323975,4335.87207
47324_cleaned.fif,post-stress,40,4650.583984,4657.355957,short,6.771972999999889,989.323975,4335.87207
47324_cleaned.fif,post-stress,41,4691.936035,4694.36377,long,2.4277350000002116,989.323975,4335.87207
47324_cleaned.fif,post-stress,42,4697.859863,4700.492188,long,2.632325000000492,989.323975,4335.87207
47324_cleaned.fif,post-stress,43,4703.987793,4725.375977,long,21.388183999999455,989.323975,4335.87207
47324_cleaned.fif,post-stress,44,4729.63623,4732.279785,long,2.643554999999651,989.323975,4335.87207
47324_cleaned.fif,post-stress,45,4736.02002,4757.624023,long,21.604003000000375,989.323975,4335.87207
47324_cleaned.fif,post-stress,46,4761.888184,4764.432129,long,2.5439449999994395,989.323975,4335.87207
47324_cleaned.fif,post-stress,47,4767.936035,4770.459961,long,2.5239259999998467,989.323975,4335.87207
47324_cleaned.fif,post-stress,48,4773.959961,4795.795898,long,21.83593700000074,989.323975,4335.87207
47324_cleaned.fif,post-stress,49,4799.408203,4802.28418,long,2.8759769999996934,989.323975,4335.87207
47324_cleaned.fif,post-stress,50,4805.78418,4808.532227,long,2.7480470000000423,989.323975,4335.87207
47324_cleaned.fif,post-stress,51,4812.027832,4833.680176,long,21.652344000000085,989.323975,4335.87207
47324_cleaned.fif,post-stress,52,4837.167969,4839.899902,long,2.7319330000000264,989.323975,4335.87207
47324_cleaned.fif,post-stress,53,4843.295898,4865.10791,long,21.812011999999413,989.323975,4335.87207
47324_cleaned.fif,post-stress,54,4868.60791,4871.240234,long,2.6323240000001533,989.323975,4335.87207
47324_cleaned.fif,post-stress,55,4875.071777,4877.799805,long,2.72802799999954,989.323975,4335.87207
47324_cleaned.fif,post-stress,56,4881.308105,4903.02002,long,21.711914999999863,989.323975,4335.87207
47324_cleaned.fif,post-stress,57,4907.063965,4909.795898,long,2.7319330000000264,989.323975,4335.87207
47324_cleaned.fif,post-stress,58,4913.288086,4934.78418,long,21.496094000000085,989.323975,4335.87207
47324_cleaned.fif,post-stress,59,4939.147949,4941.779785,long,2.6318359999995664,989.323975,4335.87207
47324_cleaned.fif,post-stress,60,4945.184082,4947.936035,long,2.7519529999999577,989.323975,4335.87207
47324_cleaned.fif,post-stress,61,4951.432129,4973.144043,long,21.711914000000434,989.323975,4335.87207
47324_cleaned.fif,post-stress,62,4976.655762,4980.051758,long,3.395995999999286,989.323975,4335.87207
47324_cleaned.fif,post-stress,63,4983.547852,5005.259766,long,21.711914000000434,989.323975,4335.87207
43000_cleaned.fif,pre-stress,1,863.40802,865.632019,short,2.223999000000049,843.960022,3853.231934
43000_cleaned.fif,pre-stress,2,869.244019,872.083984,short,2.8399650000000065,843.960022,3853.231934
43000_cleaned.fif,pre-stress,3,876.348022,878.984009,short,2.635987,843.960022,3853.231934
43000_cleaned.fif,pre-stress,4,882.911987,885.664001,short,2.752014000000031,843.960022,3853.231934
43000_cleaned.fif,pre-stress,5,889.723999,892.783997,short,3.0599979999999505,843.960022,3853.231934
43000_cleaned.fif,pre-stress,6,896.823975,899.780029,short,2.9560539999999946,843.960022,3853.231934
43000_cleaned.fif,pre-stress,7,903.820007,906.812012,short,2.992004999999949,843.960022,3853.231934
43000_cleaned.fif,pre-stress,8,916.291992,922.632019,short,6.340026999999964,843.960022,3853.231934
43000_cleaned.fif,pre-stress,9,927.231995,929.968018,short,2.7360230000000456,843.960022,3853.231934
43000_cleaned.fif,pre-stress,10,934.124023,936.859985,short,2.735962000000086,843.960022,3853.231934
43000_cleaned.fif,pre-stress,11,940.903992,943.968018,short,3.0640260000000126,843.960022,3853.231934
43000_cleaned.fif,pre-stress,12,948.023987,950.875977,short,2.8519900000000007,843.960022,3853.231934
43000_cleaned.fif,pre-stress,13,954.927979,957.66803,short,2.740050999999994,843.960022,3853.231934
43000_cleaned.fif,pre-stress,14,961.612,968.504028,short,6.892027999999982,843.960022,3853.231934
43000_cleaned.fif,pre-stress,15,972.528015,975.164001,short,2.6359860000000026,843.960022,3853.231934
43000_cleaned.fif,pre-stress,16,979.140015,982.0,short,2.8599850000000515,843.960022,3853.231934
43000_cleaned.fif,pre-stress,17,985.924011,988.780029,short,2.856018000000063,843.960022,3853.231934
43000_cleaned.fif,pre-stress,18,992.695984,995.452026,short,2.756042000000093,843.960022,3853.231934
43000_cleaned.fif,pre-stress,19,999.171997,1002.492004,short,3.3200069999999187,843.960022,3853.231934
43000_cleaned.fif,pre-stress,20,1006.44397,1009.296021,short,2.8520509999999604,843.960022,3853.231934
43000_cleaned.fif,pre-stress,21,1012.679993,1017.072021,short,4.392027999999982,843.960022,3853.231934
43000_cleaned.fif,pre-stress,22,1020.692017,1027.703979,short,7.011961999999926,843.960022,3853.231934
43000_cleaned.fif,pre-stress,23,1031.212036,1033.871948,short,2.6599120000000767,843.960022,3853.231934
43000_cleaned.fif,pre-stress,24,1037.791992,1040.66394,short,2.871947999999975,843.960022,3853.231934
43000_cleaned.fif,pre-stress,25,1044.599976,1047.219971,short,2.619995000000017,843.960022,3853.231934
43000_cleaned.fif,pre-stress,26,1050.719971,1053.475952,short,2.7559810000000198,843.960022,3853.231934
43000_cleaned.fif,pre-stress,27,1056.975952,1059.612061,short,2.636109000000033,843.960022,3853.231934
43000_cleaned.fif,pre-stress,28,1063.112061,1065.748047,short,2.6359860000000026,843.960022,3853.231934
43000_cleaned.fif,pre-stress,29,1069.147949,1071.767944,short,2.619995000000017,843.960022,3853.231934
43000_cleaned.fif,pre-stress,30,1075.703979,1082.592041,short,6.888062000000218,843.960022,3853.231934
43000_cleaned.fif,pre-stress,31,1086.083984,1088.608032,short,2.5240479999999934,843.960022,3853.231934
43000_cleaned.fif,pre-stress,32,1092.212036,1094.771973,short,2.559936999999991,843.960022,3853.231934
43000_cleaned.fif,pre-stress,33,1098.599976,1101.332031,short,2.7320549999999457,843.960022,3853.231934
43000_cleaned.fif,pre-stress,34,1105.043945,1107.708008,short,2.6640630000001693,843.960022,3853.231934
43000_cleaned.fif,pre-stress,35,1111.307983,1114.475952,short,3.1679690000000846,843.960022,3853.231934
43000_cleaned.fif,pre-stress,36,1117.988037,1121.05603,short,3.0679929999998876,843.960022,3853.231934
43000_cleaned.fif,pre-stress,37,1124.436035,1131.332031,short,6.895995999999968,843.960022,3853.231934
43000_cleaned.fif,pre-stress,38,1134.832031,1137.567993,short,2.7359619999999722,843.960022,3853.231934
43000_cleaned.fif,pre-stress,39,1141.060059,1143.807983,short,2.747924000000012,843.960022,3853.231934
43000_cleaned.fif,pre-stress,40,1147.755981,1150.511963,short,2.7559819999999036,843.960022,3853.231934
43000_cleaned.fif,pre-stress,41,1154.0,1156.723999,short,2.723999000000049,843.960022,3853.231934
43000_cleaned.fif,pre-stress,42,1160.232056,1163.079956,short,2.8478999999999814,843.960022,3853.231934
43000_cleaned.fif,pre-stress,43,1199.083984,1201.83606,long,2.752075999999988,843.960022,3853.231934
43000_cleaned.fif,pre-stress,44,1205.871948,1208.612061,long,2.740113000000065,843.960022,3853.231934
43000_cleaned.fif,pre-stress,45,1212.196045,1214.920044,long,2.723999000000049,843.960022,3853.231934
43000_cleaned.fif,pre-stress,46,1218.432007,1221.192017,long,2.7600099999999657,843.960022,3853.231934
43000_cleaned.fif,pre-stress,47,1224.819946,1229.180054,long,4.360107999999855,843.960022,3853.231934
43000_cleaned.fif,pre-stress,48,1232.680054,1235.543945,long,2.863890999999967,843.960022,3853.231934
43000_cleaned.fif,pre-stress,49,1239.02002,1261.07605,long,22.056029999999964,843.960022,3853.231934
43000_cleaned.fif,pre-stress,50,1264.572021,1267.33606,long,2.764039000000139,843.960022,3853.231934
43000_cleaned.fif,pre-stress,51,1271.484009,1274.55603,long,3.0720209999999497,843.960022,3853.231934
43000_cleaned.fif,pre-stress,52,1278.267944,1281.115967,long,2.848023000000012,843.960022,3853.231934
43000_cleaned.fif,pre-stress,53,1285.05603,1287.800049,long,2.7440189999999802,843.960022,3853.231934
43000_cleaned.fif,pre-stress,54,1291.735962,1294.47998,long,2.7440180000000964,843.960022,3853.231934
43000_cleaned.fif,pre-stress,55,1298.416016,1301.271973,long,2.8559569999999894,843.960022,3853.231934
43000_cleaned.fif,pre-stress,56,1304.991943,1307.855957,long,2.8640139999999974,843.960022,3853.231934
43000_cleaned.fif,pre-stress,57,1311.472046,1314.33606,long,2.8640139999999974,843.960022,3853.231934
43000_cleaned.fif,pre-stress,58,1318.495972,1321.144043,long,2.6480710000000727,843.960022,3853.231934
43000_cleaned.fif,pre-stress,59,1325.303955,1328.144043,long,2.8400879999999233,843.960022,3853.231934
43000_cleaned.fif,pre-stress,60,1331.640015,1334.708008,long,3.067993000000115,843.960022,3853.231934
43000_cleaned.fif,pre-stress,61,1338.640015,1341.280029,long,2.6400140000000647,843.960022,3853.231934
43000_cleaned.fif,pre-stress,62,1345.212036,1348.067993,long,2.8559569999999894,843.960022,3853.231934
43000_cleaned.fif,pre-stress,63,1351.567993,1373.26001,long,21.692017000000078,843.960022,3853.231934
43000_cleaned.fif,pre-stress,64,1376.767944,1379.531982,long,2.7640380000000278,843.960022,3853.231934
43000_cleaned.fif,pre-stress,65,1383.472046,1386.232056,long,2.7600099999999657,843.960022,3853.231934
43000_cleaned.fif,pre-stress,66,1390.180054,1392.936035,long,2.7559810000000198,843.960022,3853.231934
43000_cleaned.fif,pre-stress,67,1396.66394,1399.515991,long,2.852051000000074,843.960022,3853.231934
43000_cleaned.fif,pre-stress,68,1403.255981,1406.024048,long,2.7680669999999736,843.960022,3853.231934
43000_cleaned.fif,pre-stress,69,1409.956055,1412.692017,long,2.7359619999999722,843.960022,3853.231934
43000_cleaned.fif,pre-stress,70,1416.524048,1419.355957,long,2.831908999999996,843.960022,3853.231934
43000_cleaned.fif,pre-stress,71,1423.715942,1426.563965,long,2.848023000000012,843.960022,3853.231934
43000_cleaned.fif,pre-stress,72,1430.491943,1433.475952,long,2.9840090000000146,843.960022,3853.231934
43000_cleaned.fif,pre-stress,73,1437.411987,1440.05603,long,2.6440430000000106,843.960022,3853.231934
43000_cleaned.fif,pre-stress,74,1444.631958,1449.015991,long,4.384033000000045,843.960022,3853.231934
43000_cleaned.fif,pre-stress,75,1452.947998,1455.699951,long,2.7519529999999577,843.960022,3853.231934
43000_cleaned.fif,pre-stress,76,1459.848022,1462.47998,long,2.631958000000168,843.960022,3853.231934
43000_cleaned.fif,pre-stress,77,1466.187988,1468.936035,long,2.7480470000000423,843.960022,3853.231934
43000_cleaned.fif,pre-stress,78,1473.088013,1475.73999,long,2.651976999999988,843.960022,3853.231934
43000_cleaned.fif,pre-stress,79,1479.343994,1482.212036,long,2.868041999999832,843.960022,3853.231934
43000_cleaned.fif,pre-stress,80,1486.484009,1489.468018,long,2.9840090000000146,843.960022,3853.231934
43000_cleaned.fif,pre-stress,81,1492.968018,1495.719971,long,2.7519529999999577,843.960022,3853.231934
43000_cleaned.fif,post-stress,1,3871.427979,3873.535889,long,2.1079100000001745,843.960022,3853.231934
43000_cleaned.fif,post-stress,2,3877.47998,3880.231934,long,2.7519539999998415,843.960022,3853.231934
43000_cleaned.fif,post-stress,3,3883.947998,3886.600098,long,2.652099999999791,843.960022,3853.231934
43000_cleaned.fif,post-stress,4,3890.10791,3892.87207,long,2.7641599999997197,843.960022,3853.231934
43000_cleaned.fif,post-stress,5,3896.491943,3899.100098,long,2.608154999999897,843.960022,3853.231934
43000_cleaned.fif,post-stress,6,3902.491943,3905.028076,long,2.5361330000000635,843.960022,3853.231934
43000_cleaned.fif,post-stress,7,3908.62793,3911.491943,long,2.8640129999998862,843.960022,3853.231934
43000_cleaned.fif,post-stress,8,3914.783936,3917.76001,long,2.9760740000001533,843.960022,3853.231934
43000_cleaned.fif,post-stress,9,3921.147949,3943.508057,long,22.360107999999855,843.960022,3853.231934
43000_cleaned.fif,post-stress,10,3947.0,3949.624023,long,2.624022999999852,843.960022,3853.231934
43000_cleaned.fif,post-stress,11,3953.13208,3955.664062,long,2.531981999999971,843.960022,3853.231934
43000_cleaned.fif,post-stress,12,3959.156006,3962.0,long,2.8439939999998387,843.960022,3853.231934
43000_cleaned.fif,post-stress,13,3965.312012,3968.936035,long,3.6240230000003066,843.960022,3853.231934
43000_cleaned.fif,post-stress,14,3972.540039,3975.184082,long,2.644043000000238,843.960022,3853.231934
43000_cleaned.fif,post-stress,15,3978.696045,3981.971924,long,3.2758789999998044,843.960022,3853.231934
43000_cleaned.fif,post-stress,16,3985.355957,3988.095947,long,2.7399899999995796,843.960022,3853.231934
43000_cleaned.fif,post-stress,17,3991.612061,3994.156006,long,2.543945000000349,843.960022,3853.231934
43000_cleaned.fif,post-stress,18,3997.76001,4000.387939,long,2.627929000000222,843.960022,3853.231934
43000_cleaned.fif,post-stress,19,4003.775879,4006.540039,long,2.7641600000001745,843.960022,3853.231934
43000_cleaned.fif,post-stress,20,4009.931885,4012.568115,long,2.6362300000000687,843.960022,3853.231934
43000_cleaned.fif,post-stress,21,4015.971924,4018.60791,long,2.63598600000023,843.960022,3853.231934
43000_cleaned.fif,post-stress,22,4022.104004,4024.736084,long,2.6320800000003146,843.960022,3853.231934
43000_cleaned.fif,post-stress,23,4028.572021,4031.224121,long,2.652100000000246,843.960022,3853.231934
43000_cleaned.fif,post-stress,24,4035.600098,4056.768066,long,21.1679680000002,843.960022,3853.231934
43000_cleaned.fif,post-stress,25,4061.028076,4063.639893,long,2.6118169999999736,843.960022,3853.231934
43000_cleaned.fif,post-stress,26,4067.112061,4069.8479,long,2.7358390000003965,843.960022,3853.231934
43000_cleaned.fif,post-stress,27,4073.228027,4076.196045,long,2.968018000000029,843.960022,3853.231934
43000_cleaned.fif,post-stress,28,4079.696045,4082.327881,long,2.631836000000021,843.960022,3853.231934
43000_cleaned.fif,post-stress,29,4085.835938,4088.444092,long,2.608154000000013,843.960022,3853.231934
43000_cleaned.fif,post-stress,30,4091.820068,4094.572021,long,2.7519529999999577,843.960022,3853.231934
43000_cleaned.fif,post-stress,31,4098.295898,4101.060059,long,2.7641610000000583,843.960022,3853.231934
43000_cleaned.fif,post-stress,32,4104.788086,4107.419922,long,2.631836000000476,843.960022,3853.231934
43000_cleaned.fif,post-stress,33,4111.151855,4113.687988,long,2.5361329999996087,843.960022,3853.231934
43000_cleaned.fif,post-stress,34,4117.512207,4120.248047,long,2.7358400000002803,843.960022,3853.231934
43000_cleaned.fif,post-stress,35,4123.972168,4126.824219,long,2.8520509999998467,843.960022,3853.231934
43000_cleaned.fif,post-stress,36,4130.224121,4132.983887,long,2.759766000000127,843.960022,3853.231934
43000_cleaned.fif,post-stress,37,4136.596191,4158.523926,long,21.92773500000021,843.960022,3853.231934
43000_cleaned.fif,post-stress,38,4162.12793,4164.899902,long,2.77197200000046,843.960022,3853.231934
43000_cleaned.fif,post-stress,39,4168.52002,4171.259766,long,2.7397460000001956,843.960022,3853.231934
43000_cleaned.fif,post-stress,40,4207.02002,4209.671875,short,2.6518550000000687,843.960022,3853.231934
43000_cleaned.fif,post-stress,41,4213.180176,4216.37207,short,3.1918940000005023,843.960022,3853.231934
43000_cleaned.fif,post-stress,42,4219.875977,4222.631836,short,2.755858999999873,843.960022,3853.231934
43000_cleaned.fif,post-stress,43,4226.12793,4228.87207,short,2.744140000000698,843.960022,3853.231934
43000_cleaned.fif,post-stress,44,4232.255859,4235.111816,short,2.855956999999762,843.960022,3853.231934
43000_cleaned.fif,post-stress,45,4238.60791,4241.248047,short,2.6401370000003226,843.960022,3853.231934
43000_cleaned.fif,post-stress,46,4245.184082,4252.060059,short,6.875977000000603,843.960022,3853.231934
43000_cleaned.fif,post-stress,47,4255.76416,4258.600098,short,2.8359380000001693,843.960022,3853.231934
43000_cleaned.fif,post-stress,48,4262.091797,4264.73584,short,2.644043000000238,843.960022,3853.231934
43000_cleaned.fif,post-stress,49,4268.240234,4271.100098,short,2.859864000000016,843.960022,3853.231934
43000_cleaned.fif,post-stress,50,4274.611816,4277.348145,short,2.736329000000296,843.960022,3853.231934
43000_cleaned.fif,post-stress,51,4281.060059,4283.587891,short,2.527831999999762,843.960022,3853.231934
43000_cleaned.fif,post-stress,52,4287.211914,4289.859863,short,2.647948999999244,843.960022,3853.231934
43000_cleaned.fif,post-stress,53,4293.576172,4296.436035,short,2.8598629999996774,843.960022,3853.231934
43000_cleaned.fif,post-stress,54,4299.936035,4302.899902,short,2.9638670000003913,843.960022,3853.231934
43000_cleaned.fif,post-stress,55,4306.403809,4309.12793,short,2.724120999999286,843.960022,3853.231934
43000_cleaned.fif,post-stress,56,4312.640137,4319.416016,short,6.775878999999804,843.960022,3853.231934
43000_cleaned.fif,post-stress,57,4322.923828,4325.779785,short,2.855956999999762,843.960022,3853.231934
43000_cleaned.fif,post-stress,58,4329.175781,4331.835938,short,2.660157000000254,843.960022,3853.231934
43000_cleaned.fif,post-stress,59,4335.344238,4338.104004,short,2.759766000000127,843.960022,3853.231934
43000_cleaned.fif,post-stress,60,4341.928223,4344.580078,short,2.6518550000000687,843.960022,3853.231934
43000_cleaned.fif,post-stress,61,4348.096191,4350.740234,short,2.644043000000238,843.960022,3853.231934
43000_cleaned.fif,post-stress,62,4354.571777,4357.423828,short,2.8520509999998467,843.960022,3853.231934
43000_cleaned.fif,post-stress,63,4360.932129,4363.684082,short,2.7519529999999577,843.960022,3853.231934
43000_cleaned.fif,post-stress,64,4367.403809,4370.056152,short,2.652342999999746,843.960022,3853.231934
43000_cleaned.fif,post-stress,65,4374.204102,4376.839844,short,2.6357420000003913,843.960022,3853.231934
43000_cleaned.fif,post-stress,66,4380.667969,4383.432129,short,2.7641599999997197,843.960022,3853.231934
43000_cleaned.fif,post-stress,67,4387.023926,4393.71582,short,6.691894000000502,843.960022,3853.231934
43000_cleaned.fif,post-stress,68,4397.655762,4400.308105,short,2.652342999999746,843.960022,3853.231934
43000_cleaned.fif,post-stress,69,4403.812012,4406.456055,short,2.6440429999993285,843.960022,3853.231934
43000_cleaned.fif,post-stress,70,4410.388184,4413.043945,short,2.655760999999984,843.960022,3853.231934
43000_cleaned.fif,post-stress,71,4416.883789,4419.855957,short,2.9721679999993285,843.960022,3853.231934
43000_cleaned.fif,post-stress,72,4423.78418,4426.540039,short,2.7558590000007825,843.960022,3853.231934
43000_cleaned.fif,post-stress,73,4430.032227,4432.664062,short,2.6318350000001374,843.960022,3853.231934
43000_cleaned.fif,post-stress,74,4436.268066,4438.903809,short,2.63574300000073,843.960022,3853.231934
43000_cleaned.fif,post-stress,75,4442.408203,4445.056152,short,2.6479490000001533,843.960022,3853.231934
43000_cleaned.fif,post-stress,76,4448.987793,4455.556152,short,6.568358999999873,843.960022,3853.231934
43000_cleaned.fif,post-stress,77,4459.063965,4461.804199,short,2.740233999999873,843.960022,3853.231934
43000_cleaned.fif,post-stress,78,4465.304199,4467.936035,short,2.6318359999995664,843.960022,3853.231934
43000_cleaned.fif,post-stress,79,4471.983887,4475.056152,short,3.0722649999997884,843.960022,3853.231934
43000_cleaned.fif,post-stress,80,4478.551758,4481.295898,short,2.744140000000698,843.960022,3853.231934
43000_cleaned.fif,post-stress,81,4484.799805,4487.439941,short,2.640135999999984,843.960022,3853.231934
43000_cleaned.fif,post-stress,82,4490.939941,4493.795898,short,2.8559570000006715,843.960022,3853.231934
43000_cleaned.fif,post-stress,83,4497.304199,4503.967773,short,6.663574000000153,843.960022,3853.231934
